0.000000000000000000e+00,0.000000000000000000e+00,0.000000000000000000e+00,0.000000000000000000e+00,0.000000000000000000e+00
-1.000000000000000000e+00,0.000000000000000000e+00,-1.000000000000000000e+00,1.300000000000011369e+00,-1.000000000000000000e+00
-1.000000000000000000e+00,0.000000000000000000e+00,-1.000000000000000000e+00,1.399999999999920419e+00,-1.000000000000000000e+00
-1.000000000000000000e+00,-1.000000000000000000e+00,-1.000000000000000000e+00,-1.000000000000000000e+00,0.000000000000000000e+00
-1.000000000000000000e+00,-1.000000000000000000e+00,-1.000000000000000000e+00,-1.000000000000000000e+00,0.000000000000000000e+00
-1.000000000000000000e+00,0.000000000000000000e+00,-1.000000000000000000e+00,1.299999999999954525e+00,-1.000000000000000000e+00
-1.000000000000000000e+00,-1.000000000000000000e+00,-1.000000000000000000e+00,0.000000000000000000e+00,-1.000000000000000000e+00
-1.000000000000000000e+00,-1.000000000000000000e+00,-1.000000000000000000e+00,0.000000000000000000e+00,-1.000000000000000000e+00
-1.000000000000000000e+00,-1.000000000000000000e+00,-1.000000000000000000e+00,0.000000000000000000e+00,-1.000000000000000000e+00
-1.000000000000000000e+00,-1.000000000000000000e+00,-1.000000000000000000e+00,0.000000000000000000e+00,-1.000000000000000000e+00
-1.000000000000000000e+00,0.000000000000000000e+00,-1.000000000000000000e+00,4.700000000000045475e+00,-1.000000000000000000e+00
-1.000000000000000000e+00,0.000000000000000000e+00,-1.000000000000000000e+00,-1.000000000000000000e+00,-1.000000000000000000e+00
-1.000000000000000000e+00,0.000000000000000000e+00,-1.000000000000000000e+00,2.500000000000000000e+00,-1.000000000000000000e+00
-1.000000000000000000e+00,0.000000000000000000e+00,-1.000000000000000000e+00,-1.000000000000000000e+00,-1.000000000000000000e+00
-1.000000000000000000e+00,0.000000000000000000e+00,-1.000000000000000000e+00,1.900000000000090949e+00,-1.000000000000000000e+00
-1.000000000000000000e+00,-1.000000000000000000e+00,-1.000000000000000000e+00,0.000000000000000000e+00,-1.000000000000000000e+00
-1.000000000000000000e+00,0.000000000000000000e+00,-1.000000000000000000e+00,-1.000000000000000000e+00,-1.000000000000000000e+00
-1.000000000000000000e+00,0.000000000000000000e+00,-1.000000000000000000e+00,1.500000000000000000e+00,-1.000000000000000000e+00
-1.000000000000000000e+00,1.700000000000045475e+00,0.000000000000000000e+00,3.299999999999954525e+00,-1.000000000000000000e+00
-1.000000000000000000e+00,1.299999999999727152e+00,0.000000000000000000e+00,2.599999999999909051e+00,1.000000000000000000e+01
-1.000000000000000000e+00,-1.000000000000000000e+00,-1.000000000000000000e+00,-1.000000000000000000e+00,0.000000000000000000e+00
-1.000000000000000000e+00,-1.000000000000000000e+00,-1.000000000000000000e+00,-1.000000000000000000e+00,0.000000000000000000e+00
-1.000000000000000000e+00,-1.000000000000000000e+00,-1.000000000000000000e+00,-1.000000000000000000e+00,0.000000000000000000e+00
-1.000000000000000000e+00,-1.000000000000000000e+00,-1.000000000000000000e+00,0.000000000000000000e+00,-1.000000000000000000e+00
-1.000000000000000000e+00,-1.000000000000000000e+00,-1.000000000000000000e+00,0.000000000000000000e+00,-1.000000000000000000e+00
-1.000000000000000000e+00,-1.000000000000000000e+00,-1.000000000000000000e+00,0.000000000000000000e+00,-1.000000000000000000e+00
-1.000000000000000000e+00,-1.000000000000000000e+00,-1.000000000000000000e+00,0.000000000000000000e+00,-1.000000000000000000e+00
-1.000000000000000000e+00,-1.000000000000000000e+00,-1.000000000000000000e+00,-1.000000000000000000e+00,0.000000000000000000e+00
-1.000000000000000000e+00,1.200000000000272848e+00,0.000000000000000000e+00,2.600000000000363798e+00,-1.000000000000000000e+00
-1.000000000000000000e+00,1.999999999999545253e+00,0.000000000000000000e+00,4.099999999999454303e+00,-1.000000000000000000e+00
-1.000000000000000000e+00,3.099999999999454303e+00,0.000000000000000000e+00,6.199999999999363354e+00,-1.000000000000000000e+00
-1.000000000000000000e+00,-1.000000000000000000e+00,0.000000000000000000e+00,-1.000000000000000000e+00,-1.000000000000000000e+00
0.000000000000000000e+00,-1.000000000000000000e+00,-1.000000000000000000e+00,-1.000000000000000000e+00,-1.000000000000000000e+00
0.000000000000000000e+00,-1.000000000000000000e+00,-1.000000000000000000e+00,-1.000000000000000000e+00,-1.000000000000000000e+00
0.000000000000000000e+00,-1.000000000000000000e+00,-1.000000000000000000e+00,-1.000000000000000000e+00,-1.000000000000000000e+00
-1.000000000000000000e+00,0.000000000000000000e+00,-1.000000000000000000e+00,1.299999999999727152e+00,-1.000000000000000000e+00
-1.000000000000000000e+00,-1.000000000000000000e+00,-1.000000000000000000e+00,0.000000000000000000e+00,-1.000000000000000000e+00
-1.000000000000000000e+00,-1.000000000000000000e+00,-1.000000000000000000e+00,0.000000000000000000e+00,-1.000000000000000000e+00
-1.000000000000000000e+00,-1.000000000000000000e+00,-1.000000000000000000e+00,0.000000000000000000e+00,-1.000000000000000000e+00
-1.000000000000000000e+00,-1.000000000000000000e+00,-1.000000000000000000e+00,0.000000000000000000e+00,-1.000000000000000000e+00
-1.000000000000000000e+00,-1.000000000000000000e+00,-1.000000000000000000e+00,0.000000000000000000e+00,-1.000000000000000000e+00
-1.000000000000000000e+00,-1.000000000000000000e+00,-1.000000000000000000e+00,0.000000000000000000e+00,-1.000000000000000000e+00
-1.000000000000000000e+00,-1.000000000000000000e+00,-1.000000000000000000e+00,0.000000000000000000e+00,-1.000000000000000000e+00
-1.000000000000000000e+00,-1.000000000000000000e+00,-1.000000000000000000e+00,0.000000000000000000e+00,-1.000000000000000000e+00
-1.000000000000000000e+00,-1.000000000000000000e+00,-1.000000000000000000e+00,-1.000000000000000000e+00,0.000000000000000000e+00
-1.000000000000000000e+00,-1.000000000000000000e+00,-1.000000000000000000e+00,-1.000000000000000000e+00,0.000000000000000000e+00
-1.000000000000000000e+00,-1.000000000000000000e+00,-1.000000000000000000e+00,-1.000000000000000000e+00,0.000000000000000000e+00
-1.000000000000000000e+00,-1.000000000000000000e+00,-1.000000000000000000e+00,0.000000000000000000e+00,-1.000000000000000000e+00
-1.000000000000000000e+00,-1.000000000000000000e+00,-1.000000000000000000e+00,0.000000000000000000e+00,-1.000000000000000000e+00
-1.000000000000000000e+00,-1.000000000000000000e+00,-1.000000000000000000e+00,0.000000000000000000e+00,-1.000000000000000000e+00
-1.000000000000000000e+00,1.330000000000018190e+01,1.210000000000036380e+01,0.000000000000000000e+00,-1.000000000000000000e+00
-1.000000000000000000e+00,1.499999999999090505e+00,0.000000000000000000e+00,3.099999999999454303e+00,-1.000000000000000000e+00
9.100000000000363798e+00,1.399999999999636202e+00,0.000000000000000000e+00,2.899999999999636202e+00,-1.000000000000000000e+00
0.000000000000000000e+00,-1.000000000000000000e+00,-1.000000000000000000e+00,-1.000000000000000000e+00,-1.000000000000000000e+00
0.000000000000000000e+00,-1.000000000000000000e+00,-1.000000000000000000e+00,-1.000000000000000000e+00,-1.000000000000000000e+00
-1.000000000000000000e+00,-1.000000000000000000e+00,-1.000000000000000000e+00,-1.000000000000000000e+00,0.000000000000000000e+00
-1.000000000000000000e+00,-1.000000000000000000e+00,-1.000000000000000000e+00,-1.000000000000000000e+00,0.000000000000000000e+00
-1.000000000000000000e+00,-1.000000000000000000e+00,-1.000000000000000000e+00,-1.000000000000000000e+00,0.000000000000000000e+00
-1.000000000000000000e+00,-1.000000000000000000e+00,-1.000000000000000000e+00,-1.000000000000000000e+00,0.000000000000000000e+00
-1.000000000000000000e+00,0.000000000000000000e+00,-1.000000000000000000e+00,1.300000000000181899e+00,-1.000000000000000000e+00
-1.000000000000000000e+00,1.600000000000363798e+00,0.000000000000000000e+00,3.100000000000363798e+00,-1.000000000000000000e+00
-1.000000000000000000e+00,2.099999999999454303e+00,0.000000000000000000e+00,4.199999999999818101e+00,-1.000000000000000000e+00
-1.000000000000000000e+00,0.000000000000000000e+00,-1.000000000000000000e+00,1.299999999999272404e+00,-1.000000000000000000e+00
-1.000000000000000000e+00,0.000000000000000000e+00,-1.000000000000000000e+00,1.699999999998908606e+00,-1.000000000000000000e+00
-1.000000000000000000e+00,-1.000000000000000000e+00,-1.000000000000000000e+00,0.000000000000000000e+00,-1.000000000000000000e+00
-1.000000000000000000e+00,-1.000000000000000000e+00,-1.000000000000000000e+00,0.000000000000000000e+00,-1.000000000000000000e+00
-1.000000000000000000e+00,-1.000000000000000000e+00,-1.000000000000000000e+00,0.000000000000000000e+00,-1.000000000000000000e+00
-1.000000000000000000e+00,-1.000000000000000000e+00,-1.000000000000000000e+00,0.000000000000000000e+00,-1.000000000000000000e+00
-1.000000000000000000e+00,-1.000000000000000000e+00,-1.000000000000000000e+00,0.000000000000000000e+00,-1.000000000000000000e+00
-1.000000000000000000e+00,-1.000000000000000000e+00,-1.000000000000000000e+00,0.000000000000000000e+00,-1.000000000000000000e+00
8.600000000000363798e+00,-1.000000000000000000e+00,-1.000000000000000000e+00,-1.000000000000000000e+00,0.000000000000000000e+00
-1.000000000000000000e+00,1.199999999999818101e+00,0.000000000000000000e+00,2.500000000000909495e+00,-1.000000000000000000e+00
0.000000000000000000e+00,-1.000000000000000000e+00,-1.000000000000000000e+00,-1.000000000000000000e+00,-1.000000000000000000e+00
0.000000000000000000e+00,-1.000000000000000000e+00,-1.000000000000000000e+00,-1.000000000000000000e+00,-1.000000000000000000e+00
-1.000000000000000000e+00,1.300000000000181899e+00,0.000000000000000000e+00,2.600000000000363798e+00,-1.000000000000000000e+00
-1.000000000000000000e+00,2.000000000000909495e+00,0.000000000000000000e+00,4.100000000000363798e+00,-1.000000000000000000e+00
-1.000000000000000000e+00,1.900000000000545697e+00,0.000000000000000000e+00,3.900000000000545697e+00,-1.000000000000000000e+00
-1.000000000000000000e+00,1.800000000000181899e+00,0.000000000000000000e+00,3.699999999999818101e+00,-1.000000000000000000e+00
-1.000000000000000000e+00,-1.000000000000000000e+00,-1.000000000000000000e+00,0.000000000000000000e+00,-1.000000000000000000e+00
-1.000000000000000000e+00,-1.000000000000000000e+00,-1.000000000000000000e+00,0.000000000000000000e+00,-1.000000000000000000e+00
-1.000000000000000000e+00,2.399999999999636202e+00,1.199999999999818101e+00,0.000000000000000000e+00,-1.000000000000000000e+00
-1.000000000000000000e+00,1.900000000000545697e+00,0.000000000000000000e+00,5.700000000000727596e+00,-1.000000000000000000e+00
-1.000000000000000000e+00,1.800000000000181899e+00,0.000000000000000000e+00,3.900000000000545697e+00,-1.000000000000000000e+00
0.000000000000000000e+00,-1.000000000000000000e+00,-1.000000000000000000e+00,-1.000000000000000000e+00,-1.000000000000000000e+00
0.000000000000000000e+00,-1.000000000000000000e+00,-1.000000000000000000e+00,-1.000000000000000000e+00,-1.000000000000000000e+00
-1.000000000000000000e+00,1.200000000000727596e+00,0.000000000000000000e+00,2.500000000000909495e+00,-1.000000000000000000e+00
-1.000000000000000000e+00,3.399999999998726707e+00,0.000000000000000000e+00,6.499999999999090505e+00,-1.000000000000000000e+00
-1.000000000000000000e+00,2.699999999998908606e+00,0.000000000000000000e+00,5.399999999999636202e+00,-1.000000000000000000e+00
-1.000000000000000000e+00,2.500000000000000000e+00,0.000000000000000000e+00,4.999999999999090505e+00,-1.000000000000000000e+00
-1.000000000000000000e+00,-1.000000000000000000e+00,-1.000000000000000000e+00,0.000000000000000000e+00,-1.000000000000000000e+00
-1.000000000000000000e+00,1.820000000000072760e+01,1.689999999999963620e+01,0.000000000000000000e+00,-1.000000000000000000e+00
-1.000000000000000000e+00,1.299999999999272404e+00,0.000000000000000000e+00,2.600000000000363798e+00,-1.000000000000000000e+00
-1.000000000000000000e+00,2.299999999999272404e+00,0.000000000000000000e+00,4.599999999998544808e+00,-1.000000000000000000e+00
-1.000000000000000000e+00,2.100000000000363798e+00,0.000000000000000000e+00,4.200000000000727596e+00,-1.000000000000000000e+00
-1.000000000000000000e+00,2.000000000000000000e+00,0.000000000000000000e+00,4.100000000000363798e+00,-1.000000000000000000e+00
-1.000000000000000000e+00,-1.000000000000000000e+00,-1.000000000000000000e+00,0.000000000000000000e+00,-1.000000000000000000e+00
-1.000000000000000000e+00,-1.000000000000000000e+00,-1.000000000000000000e+00,0.000000000000000000e+00,-1.000000000000000000e+00
-1.000000000000000000e+00,-1.000000000000000000e+00,-1.000000000000000000e+00,0.000000000000000000e+00,-1.000000000000000000e+00
-1.000000000000000000e+00,-1.000000000000000000e+00,-1.000000000000000000e+00,0.000000000000000000e+00,-1.000000000000000000e+00
-1.000000000000000000e+00,-1.000000000000000000e+00,-1.000000000000000000e+00,0.000000000000000000e+00,-1.000000000000000000e+00
-1.000000000000000000e+00,-1.000000000000000000e+00,-1.000000000000000000e+00,-1.000000000000000000e+00,0.000000000000000000e+00
-1.000000000000000000e+00,-1.000000000000000000e+00,-1.000000000000000000e+00,-1.000000000000000000e+00,0.000000000000000000e+00
-1.000000000000000000e+00,-1.000000000000000000e+00,-1.000000000000000000e+00,-1.000000000000000000e+00,0.000000000000000000e+00
-1.000000000000000000e+00,1.619999999999890861e+01,1.499999999999818101e+01,1.750000000000000000e+01,0.000000000000000000e+00
-1.000000000000000000e+00,1.300000000001091394e+00,0.000000000000000000e+00,2.700000000000727596e+00,-1.000000000000000000e+00
-1.000000000000000000e+00,0.000000000000000000e+00,-1.000000000000000000e+00,1.500000000000000000e+00,-1.000000000000000000e+00
-1.000000000000000000e+00,0.000000000000000000e+00,-1.000000000000000000e+00,1.599999999998544808e+00,-1.000000000000000000e+00
0.000000000000000000e+00,-1.000000000000000000e+00,-1.000000000000000000e+00,-1.000000000000000000e+00,-1.000000000000000000e+00
0.000000000000000000e+00,-1.000000000000000000e+00,-1.000000000000000000e+00,-1.000000000000000000e+00,-1.000000000000000000e+00
0.000000000000000000e+00,-1.000000000000000000e+00,-1.000000000000000000e+00,-1.000000000000000000e+00,-1.000000000000000000e+00
-1.000000000000000000e+00,-1.000000000000000000e+00,-1.000000000000000000e+00,0.000000000000000000e+00,-1.000000000000000000e+00
-1.000000000000000000e+00,-1.000000000000000000e+00,-1.000000000000000000e+00,0.000000000000000000e+00,-1.000000000000000000e+00
-1.000000000000000000e+00,0.000000000000000000e+00,-1.000000000000000000e+00,1.700000000000727596e+00,-1.000000000000000000e+00
-1.000000000000000000e+00,-1.000000000000000000e+00,-1.000000000000000000e+00,0.000000000000000000e+00,-1.000000000000000000e+00
-1.000000000000000000e+00,1.199999999998908606e+00,0.000000000000000000e+00,2.799999999999272404e+00,-1.000000000000000000e+00
-1.000000000000000000e+00,1.500000000000000000e+00,0.000000000000000000e+00,3.099999999998544808e+00,-1.000000000000000000e+00
-1.000000000000000000e+00,-1.000000000000000000e+00,-1.000000000000000000e+00,0.000000000000000000e+00,-1.000000000000000000e+00
-1.000000000000000000e+00,-1.000000000000000000e+00,-1.000000000000000000e+00,0.000000000000000000e+00,-1.000000000000000000e+00
-1.000000000000000000e+00,1.200000000000727596e+00,0.000000000000000000e+00,2.500000000001818989e+00,-1.000000000000000000e+00
0.000000000000000000e+00,-1.000000000000000000e+00,-1.000000000000000000e+00,-1.000000000000000000e+00,-1.000000000000000000e+00
0.000000000000000000e+00,-1.000000000000000000e+00,-1.000000000000000000e+00,-1.000000000000000000e+00,-1.000000000000000000e+00
0.000000000000000000e+00,-1.000000000000000000e+00,-1.000000000000000000e+00,-1.000000000000000000e+00,-1.000000000000000000e+00
0.000000000000000000e+00,-1.000000000000000000e+00,-1.000000000000000000e+00,-1.000000000000000000e+00,-1.000000000000000000e+00
0.000000000000000000e+00,-1.000000000000000000e+00,-1.000000000000000000e+00,-1.000000000000000000e+00,-1.000000000000000000e+00
-1.000000000000000000e+00,-1.000000000000000000e+00,-1.000000000000000000e+00,0.000000000000000000e+00,-1.000000000000000000e+00
-1.000000000000000000e+00,-1.000000000000000000e+00,-1.000000000000000000e+00,0.000000000000000000e+00,6.699999999998908606e+00
-1.000000000000000000e+00,-1.000000000000000000e+00,-1.000000000000000000e+00,-1.000000000000000000e+00,0.000000000000000000e+00
0.000000000000000000e+00,-1.000000000000000000e+00,-1.000000000000000000e+00,-1.000000000000000000e+00,-1.000000000000000000e+00
0.000000000000000000e+00,1.860000000000036380e+01,-1.000000000000000000e+00,1.990000000000145519e+01,-1.000000000000000000e+00
-1.000000000000000000e+00,-1.000000000000000000e+00,-1.000000000000000000e+00,0.000000000000000000e+00,-1.000000000000000000e+00
-1.000000000000000000e+00,-1.000000000000000000e+00,-1.000000000000000000e+00,0.000000000000000000e+00,-1.000000000000000000e+00
-1.000000000000000000e+00,-1.000000000000000000e+00,-1.000000000000000000e+00,0.000000000000000000e+00,-1.000000000000000000e+00
-1.000000000000000000e+00,1.199999999998908606e+00,0.000000000000000000e+00,2.500000000000000000e+00,-1.000000000000000000e+00
-1.000000000000000000e+00,2.399999999999636202e+00,0.000000000000000000e+00,4.899999999999636202e+00,-1.000000000000000000e+00
-1.000000000000000000e+00,2.100000000000363798e+00,0.000000000000000000e+00,4.300000000001091394e+00,-1.000000000000000000e+00
-1.000000000000000000e+00,2.100000000000363798e+00,0.000000000000000000e+00,4.199999999998908606e+00,-1.000000000000000000e+00
-1.000000000000000000e+00,-1.000000000000000000e+00,-1.000000000000000000e+00,0.000000000000000000e+00,-1.000000000000000000e+00
-1.000000000000000000e+00,-1.000000000000000000e+00,-1.000000000000000000e+00,0.000000000000000000e+00,-1.000000000000000000e+00
-1.000000000000000000e+00,-1.000000000000000000e+00,-1.000000000000000000e+00,0.000000000000000000e+00,-1.000000000000000000e+00
-1.000000000000000000e+00,-1.000000000000000000e+00,-1.000000000000000000e+00,0.000000000000000000e+00,-1.000000000000000000e+00
-1.000000000000000000e+00,-1.000000000000000000e+00,-1.000000000000000000e+00,0.000000000000000000e+00,-1.000000000000000000e+00
-1.000000000000000000e+00,-1.000000000000000000e+00,-1.000000000000000000e+00,0.000000000000000000e+00,-1.000000000000000000e+00
-1.000000000000000000e+00,-1.000000000000000000e+00,-1.000000000000000000e+00,0.000000000000000000e+00,-1.000000000000000000e+00
-1.000000000000000000e+00,-1.000000000000000000e+00,-1.000000000000000000e+00,0.000000000000000000e+00,-1.000000000000000000e+00
-1.000000000000000000e+00,-1.000000000000000000e+00,-1.000000000000000000e+00,0.000000000000000000e+00,-1.000000000000000000e+00
-1.000000000000000000e+00,0.000000000000000000e+00,-1.000000000000000000e+00,5.299999999999272404e+00,-1.000000000000000000e+00
-1.000000000000000000e+00,0.000000000000000000e+00,-1.000000000000000000e+00,1.499999999998181011e+00,-1.000000000000000000e+00
-1.000000000000000000e+00,-1.000000000000000000e+00,-1.000000000000000000e+00,-1.000000000000000000e+00,0.000000000000000000e+00
-1.000000000000000000e+00,1.200000000000727596e+00,0.000000000000000000e+00,2.499999999998181011e+00,-1.000000000000000000e+00
-1.000000000000000000e+00,1.299999999999272404e+00,0.000000000000000000e+00,2.700000000000727596e+00,-1.000000000000000000e+00
-1.000000000000000000e+00,-1.000000000000000000e+00,-1.000000000000000000e+00,0.000000000000000000e+00,-1.000000000000000000e+00
-1.000000000000000000e+00,-1.000000000000000000e+00,-1.000000000000000000e+00,0.000000000000000000e+00,-1.000000000000000000e+00
-1.000000000000000000e+00,1.199999999998908606e+00,0.000000000000000000e+00,2.899999999997817213e+00,-1.000000000000000000e+00
-1.000000000000000000e+00,1.200000000000727596e+00,0.000000000000000000e+00,2.500000000000000000e+00,-1.000000000000000000e+00
-1.000000000000000000e+00,1.300000000001091394e+00,0.000000000000000000e+00,2.700000000000727596e+00,-1.000000000000000000e+00
-1.000000000000000000e+00,1.199999999998908606e+00,0.000000000000000000e+00,2.499999999998181011e+00,-1.000000000000000000e+00
-1.000000000000000000e+00,1.900000000001455192e+00,0.000000000000000000e+00,3.899999999999636202e+00,-1.000000000000000000e+00
-1.000000000000000000e+00,1.899999999999636202e+00,0.000000000000000000e+00,3.800000000001091394e+00,-1.000000000000000000e+00
-1.000000000000000000e+00,1.800000000001091394e+00,0.000000000000000000e+00,3.700000000000727596e+00,-1.000000000000000000e+00
-1.000000000000000000e+00,0.000000000000000000e+00,-1.000000000000000000e+00,1.399999999999636202e+00,-1.000000000000000000e+00
-1.000000000000000000e+00,-1.000000000000000000e+00,-1.000000000000000000e+00,-1.000000000000000000e+00,0.000000000000000000e+00
-1.000000000000000000e+00,-1.000000000000000000e+00,-1.000000000000000000e+00,-1.000000000000000000e+00,0.000000000000000000e+00
-1.000000000000000000e+00,-1.000000000000000000e+00,-1.000000000000000000e+00,-1.000000000000000000e+00,0.000000000000000000e+00
-1.000000000000000000e+00,2.200000000000727596e+00,-1.000000000000000000e+00,3.500000000001818989e+00,0.000000000000000000e+00
-1.000000000000000000e+00,0.000000000000000000e+00,-1.000000000000000000e+00,2.700000000000727596e+00,-1.000000000000000000e+00
-1.000000000000000000e+00,0.000000000000000000e+00,-1.000000000000000000e+00,2.299999999999272404e+00,-1.000000000000000000e+00
-1.000000000000000000e+00,0.000000000000000000e+00,-1.000000000000000000e+00,2.199999999998908606e+00,-1.000000000000000000e+00
-1.000000000000000000e+00,-1.000000000000000000e+00,0.000000000000000000e+00,-1.000000000000000000e+00,-1.000000000000000000e+00
-1.000000000000000000e+00,-1.000000000000000000e+00,-1.000000000000000000e+00,0.000000000000000000e+00,-1.000000000000000000e+00
-1.000000000000000000e+00,-1.000000000000000000e+00,-1.000000000000000000e+00,-1.000000000000000000e+00,0.000000000000000000e+00
0.000000000000000000e+00,-1.000000000000000000e+00,-1.000000000000000000e+00,-1.000000000000000000e+00,-1.000000000000000000e+00
0.000000000000000000e+00,-1.000000000000000000e+00,-1.000000000000000000e+00,-1.000000000000000000e+00,-1.000000000000000000e+00
-1.000000000000000000e+00,-1.000000000000000000e+00,-1.000000000000000000e+00,-1.000000000000000000e+00,0.000000000000000000e+00
-1.000000000000000000e+00,-1.000000000000000000e+00,-1.000000000000000000e+00,-1.000000000000000000e+00,0.000000000000000000e+00
0.000000000000000000e+00,-1.000000000000000000e+00,-1.000000000000000000e+00,-1.000000000000000000e+00,-1.000000000000000000e+00
-1.000000000000000000e+00,1.200000000000727596e+00,0.000000000000000000e+00,2.500000000000000000e+00,-1.000000000000000000e+00
-1.000000000000000000e+00,2.100000000002182787e+00,0.000000000000000000e+00,4.200000000004365575e+00,-1.000000000000000000e+00
-1.000000000000000000e+00,0.000000000000000000e+00,-1.000000000000000000e+00,1.399999999997817213e+00,-1.000000000000000000e+00
-1.000000000000000000e+00,5.599999999998544808e+00,0.000000000000000000e+00,8.400000000001455192e+00,-1.000000000000000000e+00
-1.000000000000000000e+00,-1.000000000000000000e+00,-1.000000000000000000e+00,-1.000000000000000000e+00,0.000000000000000000e+00
1.679999999999927240e+01,-1.000000000000000000e+00,-1.000000000000000000e+00,0.000000000000000000e+00,-1.000000000000000000e+00
0.000000000000000000e+00,-1.000000000000000000e+00,-1.000000000000000000e+00,-1.000000000000000000e+00,-1.000000000000000000e+00
0.000000000000000000e+00,-1.000000000000000000e+00,-1.000000000000000000e+00,-1.000000000000000000e+00,-1.000000000000000000e+00
0.000000000000000000e+00,-1.000000000000000000e+00,-1.000000000000000000e+00,-1.000000000000000000e+00,-1.000000000000000000e+00
-1.000000000000000000e+00,-1.000000000000000000e+00,-1.000000000000000000e+00,0.000000000000000000e+00,-1.000000000000000000e+00
-1.000000000000000000e+00,0.000000000000000000e+00,-1.000000000000000000e+00,1.500000000000000000e+00,-1.000000000000000000e+00
-1.000000000000000000e+00,0.000000000000000000e+00,-1.000000000000000000e+00,3.599999999998544808e+00,-1.000000000000000000e+00
-1.000000000000000000e+00,0.000000000000000000e+00,-1.000000000000000000e+00,2.500000000000000000e+00,-1.000000000000000000e+00
-1.000000000000000000e+00,0.000000000000000000e+00,-1.000000000000000000e+00,2.299999999999272404e+00,-1.000000000000000000e+00
-1.000000000000000000e+00,0.000000000000000000e+00,-1.000000000000000000e+00,1.299999999999272404e+00,-1.000000000000000000e+00
-1.000000000000000000e+00,0.000000000000000000e+00,-1.000000000000000000e+00,1.699999999997089617e+00,-1.000000000000000000e+00
-1.000000000000000000e+00,0.000000000000000000e+00,-1.000000000000000000e+00,2.100000000002182787e+00,-1.000000000000000000e+00
-1.000000000000000000e+00,1.299999999995634425e+00,0.000000000000000000e+00,2.599999999998544808e+00,-1.000000000000000000e+00
-1.000000000000000000e+00,1.599999999998544808e+00,0.000000000000000000e+00,3.200000000000727596e+00,-1.000000000000000000e+00
-1.000000000000000000e+00,0.000000000000000000e+00,-1.000000000000000000e+00,1.300000000002910383e+00,-1.000000000000000000e+00
-1.000000000000000000e+00,-1.000000000000000000e+00,-1.000000000000000000e+00,0.000000000000000000e+00,-1.000000000000000000e+00
-1.000000000000000000e+00,-1.000000000000000000e+00,-1.000000000000000000e+00,0.000000000000000000e+00,-1.000000000000000000e+00
-1.000000000000000000e+00,1.200000000000727596e+00,0.000000000000000000e+00,3.000000000000000000e+00,-1.000000000000000000e+00
-1.000000000000000000e+00,1.400000000001455192e+00,0.000000000000000000e+00,3.000000000000000000e+00,-1.000000000000000000e+00
-1.000000000000000000e+00,-1.000000000000000000e+00,-1.000000000000000000e+00,-1.000000000000000000e+00,0.000000000000000000e+00
-1.000000000000000000e+00,-1.000000000000000000e+00,-1.000000000000000000e+00,-1.000000000000000000e+00,0.000000000000000000e+00
-1.000000000000000000e+00,-1.000000000000000000e+00,-1.000000000000000000e+00,1.240000000000509317e+01,0.000000000000000000e+00
-1.000000000000000000e+00,0.000000000000000000e+00,-1.000000000000000000e+00,-1.000000000000000000e+00,-1.000000000000000000e+00
-1.000000000000000000e+00,0.000000000000000000e+00,-1.000000000000000000e+00,1.399999999997817213e+00,-1.000000000000000000e+00
-1.000000000000000000e+00,2.500000000000000000e+00,0.000000000000000000e+00,4.599999999998544808e+00,-1.000000000000000000e+00
-1.000000000000000000e+00,0.000000000000000000e+00,-1.000000000000000000e+00,1.299999999999272404e+00,-1.000000000000000000e+00
-1.000000000000000000e+00,1.200000000000727596e+00,0.000000000000000000e+00,2.500000000003637979e+00,-1.000000000000000000e+00
-1.000000000000000000e+00,2.000000000003637979e+00,0.000000000000000000e+00,4.000000000000000000e+00,-1.000000000000000000e+00
-1.000000000000000000e+00,0.000000000000000000e+00,-1.000000000000000000e+00,1.400000000001455192e+00,-1.000000000000000000e+00
-1.000000000000000000e+00,-1.000000000000000000e+00,-1.000000000000000000e+00,0.000000000000000000e+00,-1.000000000000000000e+00
-1.000000000000000000e+00,-1.000000000000000000e+00,-1.000000000000000000e+00,0.000000000000000000e+00,-1.000000000000000000e+00
-1.000000000000000000e+00,-1.000000000000000000e+00,-1.000000000000000000e+00,0.000000000000000000e+00,-1.000000000000000000e+00
-1.000000000000000000e+00,-1.000000000000000000e+00,-1.000000000000000000e+00,0.000000000000000000e+00,-1.000000000000000000e+00
-1.000000000000000000e+00,-1.000000000000000000e+00,-1.000000000000000000e+00,0.000000000000000000e+00,-1.000000000000000000e+00
-1.000000000000000000e+00,-1.000000000000000000e+00,-1.000000000000000000e+00,0.000000000000000000e+00,-1.000000000000000000e+00
-1.000000000000000000e+00,-1.000000000000000000e+00,-1.000000000000000000e+00,0.000000000000000000e+00,-1.000000000000000000e+00
-1.000000000000000000e+00,-1.000000000000000000e+00,-1.000000000000000000e+00,0.000000000000000000e+00,-1.000000000000000000e+00
-1.000000000000000000e+00,0.000000000000000000e+00,-1.000000000000000000e+00,2.600000000002182787e+00,-1.000000000000000000e+00
-1.000000000000000000e+00,0.000000000000000000e+00,-1.000000000000000000e+00,2.799999999999272404e+00,-1.000000000000000000e+00
-1.000000000000000000e+00,0.000000000000000000e+00,-1.000000000000000000e+00,1.899999999997817213e+00,-1.000000000000000000e+00
-1.000000000000000000e+00,-1.000000000000000000e+00,-1.000000000000000000e+00,0.000000000000000000e+00,-1.000000000000000000e+00
-1.000000000000000000e+00,-1.000000000000000000e+00,-1.000000000000000000e+00,0.000000000000000000e+00,-1.000000000000000000e+00
-1.000000000000000000e+00,1.200000000000727596e+00,0.000000000000000000e+00,3.099999999998544808e+00,-1.000000000000000000e+00
-1.000000000000000000e+00,1.900000000001455192e+00,0.000000000000000000e+00,4.400000000001455192e+00,-1.000000000000000000e+00
-1.000000000000000000e+00,1.799999999999272404e+00,0.000000000000000000e+00,3.700000000000727596e+00,-1.000000000000000000e+00
-1.000000000000000000e+00,1.699999999997089617e+00,0.000000000000000000e+00,3.499999999996362021e+00,-1.000000000000000000e+00
-1.000000000000000000e+00,2.000000000000000000e+00,0.000000000000000000e+00,4.100000000002182787e+00,-1.000000000000000000e+00
-1.000000000000000000e+00,1.399999999997817213e+00,0.000000000000000000e+00,2.899999999997817213e+00,-1.000000000000000000e+00
-1.000000000000000000e+00,-1.000000000000000000e+00,-1.000000000000000000e+00,-1.000000000000000000e+00,0.000000000000000000e+00
-1.000000000000000000e+00,-1.000000000000000000e+00,-1.000000000000000000e+00,-1.000000000000000000e+00,0.000000000000000000e+00
-1.000000000000000000e+00,-1.000000000000000000e+00,-1.000000000000000000e+00,-1.000000000000000000e+00,0.000000000000000000e+00
3.900000000001455192e+00,-1.000000000000000000e+00,-1.000000000000000000e+00,-1.000000000000000000e+00,0.000000000000000000e+00
-1.000000000000000000e+00,0.000000000000000000e+00,-1.000000000000000000e+00,1.300000000002910383e+00,-1.000000000000000000e+00
-1.000000000000000000e+00,0.000000000000000000e+00,-1.000000000000000000e+00,1.500000000000000000e+00,-1.000000000000000000e+00
-1.000000000000000000e+00,-1.000000000000000000e+00,-1.000000000000000000e+00,0.000000000000000000e+00,-1.000000000000000000e+00
-1.000000000000000000e+00,-1.000000000000000000e+00,-1.000000000000000000e+00,0.000000000000000000e+00,-1.000000000000000000e+00
-1.000000000000000000e+00,0.000000000000000000e+00,-1.000000000000000000e+00,2.799999999999272404e+00,-1.000000000000000000e+00
-1.000000000000000000e+00,1.200000000000727596e+00,0.000000000000000000e+00,2.500000000000000000e+00,-1.000000000000000000e+00
0.000000000000000000e+00,-1.000000000000000000e+00,-1.000000000000000000e+00,-1.000000000000000000e+00,-1.000000000000000000e+00
0.000000000000000000e+00,-1.000000000000000000e+00,-1.000000000000000000e+00,-1.000000000000000000e+00,-1.000000000000000000e+00
0.000000000000000000e+00,-1.000000000000000000e+00,-1.000000000000000000e+00,-1.000000000000000000e+00,-1.000000000000000000e+00
0.000000000000000000e+00,-1.000000000000000000e+00,-1.000000000000000000e+00,-1.000000000000000000e+00,-1.000000000000000000e+00
0.000000000000000000e+00,-1.000000000000000000e+00,-1.000000000000000000e+00,-1.000000000000000000e+00,-1.000000000000000000e+00
0.000000000000000000e+00,-1.000000000000000000e+00,-1.000000000000000000e+00,-1.000000000000000000e+00,-1.000000000000000000e+00
0.000000000000000000e+00,-1.000000000000000000e+00,-1.000000000000000000e+00,-1.000000000000000000e+00,1.779999999999563443e+01
-1.000000000000000000e+00,-1.000000000000000000e+00,-1.000000000000000000e+00,-1.000000000000000000e+00,0.000000000000000000e+00
-1.000000000000000000e+00,-1.000000000000000000e+00,-1.000000000000000000e+00,-1.000000000000000000e+00,0.000000000000000000e+00
-1.000000000000000000e+00,-1.000000000000000000e+00,-1.000000000000000000e+00,-1.000000000000000000e+00,0.000000000000000000e+00
-1.000000000000000000e+00,-1.000000000000000000e+00,-1.000000000000000000e+00,0.000000000000000000e+00,-1.000000000000000000e+00
-1.000000000000000000e+00,-1.000000000000000000e+00,-1.000000000000000000e+00,0.000000000000000000e+00,-1.000000000000000000e+00
-1.000000000000000000e+00,-1.000000000000000000e+00,-1.000000000000000000e+00,0.000000000000000000e+00,-1.000000000000000000e+00
-1.000000000000000000e+00,0.000000000000000000e+00,-1.000000000000000000e+00,1.299999999999272404e+00,-1.000000000000000000e+00
-1.000000000000000000e+00,0.000000000000000000e+00,-1.000000000000000000e+00,1.800000000002910383e+00,-1.000000000000000000e+00
-1.000000000000000000e+00,-1.000000000000000000e+00,0.000000000000000000e+00,-1.000000000000000000e+00,-1.000000000000000000e+00
-1.000000000000000000e+00,-1.000000000000000000e+00,-1.000000000000000000e+00,0.000000000000000000e+00,-1.000000000000000000e+00
-1.000000000000000000e+00,1.200000000000727596e+00,0.000000000000000000e+00,3.699999999997089617e+00,-1.000000000000000000e+00
-1.000000000000000000e+00,1.300000000002910383e+00,0.000000000000000000e+00,2.800000000002910383e+00,-1.000000000000000000e+00
-1.000000000000000000e+00,1.699999999997089617e+00,0.000000000000000000e+00,3.499999999996362021e+00,-1.000000000000000000e+00
-1.000000000000000000e+00,1.600000000002182787e+00,0.000000000000000000e+00,3.299999999999272404e+00,-1.000000000000000000e+00
-1.000000000000000000e+00,1.799999999999272404e+00,0.000000000000000000e+00,3.599999999998544808e+00,-1.000000000000000000e+00
-1.000000000000000000e+00,1.800000000002910383e+00,0.000000000000000000e+00,3.600000000002182787e+00,-1.000000000000000000e+00
-1.000000000000000000e+00,1.200000000000727596e+00,0.000000000000000000e+00,2.599999999998544808e+00,-1.000000000000000000e+00
-1.000000000000000000e+00,1.699999999997089617e+00,0.000000000000000000e+00,3.499999999996362021e+00,-1.000000000000000000e+00
-1.000000000000000000e+00,1.599999999998544808e+00,0.000000000000000000e+00,3.299999999999272404e+00,-1.000000000000000000e+00
0.000000000000000000e+00,-1.000000000000000000e+00,-1.000000000000000000e+00,-1.000000000000000000e+00,-1.000000000000000000e+00
-1.000000000000000000e+00,-1.000000000000000000e+00,-1.000000000000000000e+00,0.000000000000000000e+00,-1.000000000000000000e+00
-1.000000000000000000e+00,-1.000000000000000000e+00,-1.000000000000000000e+00,0.000000000000000000e+00,-1.000000000000000000e+00
-1.000000000000000000e+00,-1.000000000000000000e+00,-1.000000000000000000e+00,0.000000000000000000e+00,-1.000000000000000000e+00
-1.000000000000000000e+00,-1.000000000000000000e+00,-1.000000000000000000e+00,0.000000000000000000e+00,-1.000000000000000000e+00
-1.000000000000000000e+00,1.610000000000218279e+01,1.490000000000145519e+01,1.740000000000509317e+01,0.000000000000000000e+00
-1.000000000000000000e+00,2.000000000000000000e+00,0.000000000000000000e+00,4.099999999998544808e+00,-1.000000000000000000e+00
-1.000000000000000000e+00,1.900000000001455192e+00,0.000000000000000000e+00,3.900000000001455192e+00,-1.000000000000000000e+00
-1.000000000000000000e+00,1.300000000002910383e+00,0.000000000000000000e+00,2.600000000002182787e+00,-1.000000000000000000e+00
9.900000000001455192e+00,1.500000000000000000e+00,0.000000000000000000e+00,3.000000000000000000e+00,-1.000000000000000000e+00
0.000000000000000000e+00,-1.000000000000000000e+00,-1.000000000000000000e+00,-1.000000000000000000e+00,-1.000000000000000000e+00
0.000000000000000000e+00,-1.000000000000000000e+00,-1.000000000000000000e+00,-1.000000000000000000e+00,-1.000000000000000000e+00
0.000000000000000000e+00,-1.000000000000000000e+00,-1.000000000000000000e+00,-1.000000000000000000e+00,-1.000000000000000000e+00
-1.000000000000000000e+00,1.200000000000727596e+00,0.000000000000000000e+00,2.500000000000000000e+00,-1.000000000000000000e+00
-1.000000000000000000e+00,2.700000000000727596e+00,0.000000000000000000e+00,5.400000000001455192e+00,-1.000000000000000000e+00
-1.000000000000000000e+00,0.000000000000000000e+00,-1.000000000000000000e+00,1.399999999997817213e+00,-1.000000000000000000e+00
-1.000000000000000000e+00,0.000000000000000000e+00,-1.000000000000000000e+00,1.699999999997089617e+00,-1.000000000000000000e+00
-1.000000000000000000e+00,0.000000000000000000e+00,-1.000000000000000000e+00,1.599999999998544808e+00,-1.000000000000000000e+00
-1.000000000000000000e+00,-1.000000000000000000e+00,-1.000000000000000000e+00,0.000000000000000000e+00,-1.000000000000000000e+00
-1.000000000000000000e+00,-1.000000000000000000e+00,-1.000000000000000000e+00,-1.000000000000000000e+00,0.000000000000000000e+00
-1.000000000000000000e+00,-1.000000000000000000e+00,-1.000000000000000000e+00,0.000000000000000000e+00,-1.000000000000000000e+00
-1.000000000000000000e+00,1.200000000000727596e+00,0.000000000000000000e+00,3.299999999999272404e+00,-1.000000000000000000e+00
6.900000000005093170e+00,1.800000000002910383e+00,0.000000000000000000e+00,4.100000000002182787e+00,-1.000000000000000000e+00
0.000000000000000000e+00,-1.000000000000000000e+00,-1.000000000000000000e+00,-1.000000000000000000e+00,-1.000000000000000000e+00
-1.000000000000000000e+00,1.399999999997817213e+00,0.000000000000000000e+00,3.000000000000000000e+00,-1.000000000000000000e+00
-1.000000000000000000e+00,2.000000000000000000e+00,0.000000000000000000e+00,4.100000000002182787e+00,-1.000000000000000000e+00
-1.000000000000000000e+00,1.899999999997817213e+00,0.000000000000000000e+00,3.900000000001455192e+00,-1.000000000000000000e+00
0.000000000000000000e+00,-1.000000000000000000e+00,-1.000000000000000000e+00,-1.000000000000000000e+00,-1.000000000000000000e+00
-1.000000000000000000e+00,1.200000000000727596e+00,0.000000000000000000e+00,2.500000000000000000e+00,-1.000000000000000000e+00
-1.000000000000000000e+00,1.700000000000727596e+00,0.000000000000000000e+00,3.500000000000000000e+00,-1.000000000000000000e+00
-1.000000000000000000e+00,0.000000000000000000e+00,-1.000000000000000000e+00,1.899999999997817213e+00,-1.000000000000000000e+00
-1.000000000000000000e+00,0.000000000000000000e+00,-1.000000000000000000e+00,2.000000000000000000e+00,-1.000000000000000000e+00
-1.000000000000000000e+00,1.200000000000727596e+00,0.000000000000000000e+00,2.500000000000000000e+00,-1.000000000000000000e+00
-1.000000000000000000e+00,-1.000000000000000000e+00,-1.000000000000000000e+00,-1.000000000000000000e+00,0.000000000000000000e+00
-1.000000000000000000e+00,-1.000000000000000000e+00,-1.000000000000000000e+00,-1.000000000000000000e+00,0.000000000000000000e+00
-1.000000000000000000e+00,-1.000000000000000000e+00,-1.000000000000000000e+00,0.000000000000000000e+00,-1.000000000000000000e+00
-1.000000000000000000e+00,-1.000000000000000000e+00,-1.000000000000000000e+00,0.000000000000000000e+00,-1.000000000000000000e+00
-1.000000000000000000e+00,-1.000000000000000000e+00,-1.000000000000000000e+00,0.000000000000000000e+00,-1.000000000000000000e+00
1.200000000000727596e+00,0.000000000000000000e+00,-1.000000000000000000e+00,1.999999999996362021e+00,-1.000000000000000000e+00
0.000000000000000000e+00,-1.000000000000000000e+00,-1.000000000000000000e+00,-1.000000000000000000e+00,-1.000000000000000000e+00
-1.000000000000000000e+00,0.000000000000000000e+00,-1.000000000000000000e+00,1.400000000001455192e+00,-1.000000000000000000e+00
-1.000000000000000000e+00,0.000000000000000000e+00,-1.000000000000000000e+00,1.299999999999272404e+00,-1.000000000000000000e+00
-1.000000000000000000e+00,-1.000000000000000000e+00,-1.000000000000000000e+00,0.000000000000000000e+00,-1.000000000000000000e+00
-1.000000000000000000e+00,-1.000000000000000000e+00,-1.000000000000000000e+00,0.000000000000000000e+00,-1.000000000000000000e+00
-1.000000000000000000e+00,-1.000000000000000000e+00,-1.000000000000000000e+00,0.000000000000000000e+00,-1.000000000000000000e+00
-1.000000000000000000e+00,-1.000000000000000000e+00,-1.000000000000000000e+00,0.000000000000000000e+00,-1.000000000000000000e+00
-1.000000000000000000e+00,-1.000000000000000000e+00,-1.000000000000000000e+00,0.000000000000000000e+00,-1.000000000000000000e+00
-1.000000000000000000e+00,1.200000000000727596e+00,0.000000000000000000e+00,2.700000000000727596e+00,-1.000000000000000000e+00
-1.000000000000000000e+00,-1.000000000000000000e+00,-1.000000000000000000e+00,0.000000000000000000e+00,-1.000000000000000000e+00
-1.000000000000000000e+00,0.000000000000000000e+00,-1.000000000000000000e+00,1.400000000001455192e+00,-1.000000000000000000e+00
-1.000000000000000000e+00,0.000000000000000000e+00,-1.000000000000000000e+00,1.399999999997817213e+00,-1.000000000000000000e+00
-1.000000000000000000e+00,-1.000000000000000000e+00,-1.000000000000000000e+00,0.000000000000000000e+00,-1.000000000000000000e+00
-1.000000000000000000e+00,-1.000000000000000000e+00,-1.000000000000000000e+00,-1.000000000000000000e+00,0.000000000000000000e+00
-1.000000000000000000e+00,-1.000000000000000000e+00,-1.000000000000000000e+00,-1.000000000000000000e+00,0.000000000000000000e+00
-1.000000000000000000e+00,0.000000000000000000e+00,-1.000000000000000000e+00,1.500000000000000000e+00,-1.000000000000000000e+00
-1.000000000000000000e+00,0.000000000000000000e+00,-1.000000000000000000e+00,2.000000000000000000e+00,-1.000000000000000000e+00
-1.000000000000000000e+00,0.000000000000000000e+00,-1.000000000000000000e+00,1.799999999999272404e+00,-1.000000000000000000e+00
-1.000000000000000000e+00,0.000000000000000000e+00,-1.000000000000000000e+00,1.699999999997089617e+00,-1.000000000000000000e+00
-1.000000000000000000e+00,0.000000000000000000e+00,-1.000000000000000000e+00,1.299999999999272404e+00,-1.000000000000000000e+00
-1.000000000000000000e+00,0.000000000000000000e+00,-1.000000000000000000e+00,2.200000000000727596e+00,-1.000000000000000000e+00
-1.000000000000000000e+00,0.000000000000000000e+00,-1.000000000000000000e+00,1.299999999999272404e+00,-1.000000000000000000e+00
-1.000000000000000000e+00,0.000000000000000000e+00,-1.000000000000000000e+00,3.299999999999272404e+00,-1.000000000000000000e+00
-1.000000000000000000e+00,0.000000000000000000e+00,-1.000000000000000000e+00,-1.000000000000000000e+00,-1.000000000000000000e+00
-1.000000000000000000e+00,0.000000000000000000e+00,-1.000000000000000000e+00,1.799999999999272404e+00,-1.000000000000000000e+00
-1.000000000000000000e+00,0.000000000000000000e+00,-1.000000000000000000e+00,2.700000000000727596e+00,-1.000000000000000000e+00
-1.000000000000000000e+00,6.200000000000727596e+00,4.900000000005093170e+00,0.000000000000000000e+00,-1.000000000000000000e+00
-1.000000000000000000e+00,-1.000000000000000000e+00,-1.000000000000000000e+00,-1.000000000000000000e+00,0.000000000000000000e+00
-1.000000000000000000e+00,-1.000000000000000000e+00,-1.000000000000000000e+00,1.859999999999854481e+01,0.000000000000000000e+00
-1.000000000000000000e+00,-1.000000000000000000e+00,-1.000000000000000000e+00,0.000000000000000000e+00,-1.000000000000000000e+00
-1.000000000000000000e+00,-1.000000000000000000e+00,-1.000000000000000000e+00,-1.000000000000000000e+00,0.000000000000000000e+00
-1.000000000000000000e+00,-1.000000000000000000e+00,-1.000000000000000000e+00,0.000000000000000000e+00,-1.000000000000000000e+00
-1.000000000000000000e+00,-1.000000000000000000e+00,-1.000000000000000000e+00,0.000000000000000000e+00,-1.000000000000000000e+00
-1.000000000000000000e+00,-1.000000000000000000e+00,-1.000000000000000000e+00,0.000000000000000000e+00,-1.000000000000000000e+00
-1.000000000000000000e+00,-1.000000000000000000e+00,-1.000000000000000000e+00,0.000000000000000000e+00,-1.000000000000000000e+00
-1.000000000000000000e+00,-1.000000000000000000e+00,-1.000000000000000000e+00,0.000000000000000000e+00,-1.000000000000000000e+00
-1.000000000000000000e+00,-1.000000000000000000e+00,-1.000000000000000000e+00,0.000000000000000000e+00,-1.000000000000000000e+00
-1.000000000000000000e+00,-1.000000000000000000e+00,-1.000000000000000000e+00,0.000000000000000000e+00,-1.000000000000000000e+00
-1.000000000000000000e+00,0.000000000000000000e+00,-1.000000000000000000e+00,2.200000000004365575e+00,-1.000000000000000000e+00
-1.000000000000000000e+00,0.000000000000000000e+00,1.800000000000000000e+01,1.399999999997817213e+00,-1.000000000000000000e+00
-1.000000000000000000e+00,-1.000000000000000000e+00,0.000000000000000000e+00,-1.000000000000000000e+00,-1.000000000000000000e+00
-1.000000000000000000e+00,1.799999999995634425e+00,0.000000000000000000e+00,3.499999999992724042e+00,-1.000000000000000000e+00
-1.000000000000000000e+00,2.700000000004365575e+00,0.000000000000000000e+00,5.200000000000727596e+00,-1.000000000000000000e+00
-1.000000000000000000e+00,-1.000000000000000000e+00,0.000000000000000000e+00,-1.000000000000000000e+00,-1.000000000000000000e+00
-1.000000000000000000e+00,1.199999999997089617e+00,0.000000000000000000e+00,2.499999999996362021e+00,-1.000000000000000000e+00
0.000000000000000000e+00,-1.000000000000000000e+00,-1.000000000000000000e+00,-1.000000000000000000e+00,-1.000000000000000000e+00
-1.000000000000000000e+00,0.000000000000000000e+00,-1.000000000000000000e+00,1.300000000002910383e+00,-1.000000000000000000e+00
-1.000000000000000000e+00,-1.000000000000000000e+00,-1.000000000000000000e+00,-1.000000000000000000e+00,0.000000000000000000e+00
-1.000000000000000000e+00,0.000000000000000000e+00,-1.000000000000000000e+00,1.300000000002910383e+00,-1.000000000000000000e+00
-1.000000000000000000e+00,0.000000000000000000e+00,-1.000000000000000000e+00,1.400000000008731149e+00,-1.000000000000000000e+00
-1.000000000000000000e+00,2.000000000000000000e+00,0.000000000000000000e+00,4.100000000005820766e+00,-1.000000000000000000e+00
-1.000000000000000000e+00,1.299999999995634425e+00,0.000000000000000000e+00,2.699999999997089617e+00,-1.000000000000000000e+00
-1.000000000000000000e+00,-1.000000000000000000e+00,-1.000000000000000000e+00,-1.000000000000000000e+00,0.000000000000000000e+00
-1.000000000000000000e+00,-1.000000000000000000e+00,-1.000000000000000000e+00,0.000000000000000000e+00,-1.000000000000000000e+00
-1.000000000000000000e+00,-1.000000000000000000e+00,-1.000000000000000000e+00,0.000000000000000000e+00,-1.000000000000000000e+00
-1.000000000000000000e+00,-1.000000000000000000e+00,-1.000000000000000000e+00,0.000000000000000000e+00,-1.000000000000000000e+00
0.000000000000000000e+00,-1.000000000000000000e+00,-1.000000000000000000e+00,-1.000000000000000000e+00,-1.000000000000000000e+00
-1.000000000000000000e+00,1.200000000004365575e+00,0.000000000000000000e+00,2.500000000007275958e+00,-1.000000000000000000e+00
-1.000000000000000000e+00,-1.000000000000000000e+00,-1.000000000000000000e+00,0.000000000000000000e+00,-1.000000000000000000e+00
-1.000000000000000000e+00,-1.000000000000000000e+00,-1.000000000000000000e+00,0.000000000000000000e+00,-1.000000000000000000e+00
-1.000000000000000000e+00,-1.000000000000000000e+00,-1.000000000000000000e+00,0.000000000000000000e+00,-1.000000000000000000e+00
-1.000000000000000000e+00,1.300000000002910383e+00,0.000000000000000000e+00,2.600000000005820766e+00,-1.000000000000000000e+00
-1.000000000000000000e+00,-1.000000000000000000e+00,-1.000000000000000000e+00,0.000000000000000000e+00,-1.000000000000000000e+00
-1.000000000000000000e+00,-1.000000000000000000e+00,-1.000000000000000000e+00,0.000000000000000000e+00,-1.000000000000000000e+00
-1.000000000000000000e+00,-1.000000000000000000e+00,-1.000000000000000000e+00,0.000000000000000000e+00,-1.000000000000000000e+00
-1.000000000000000000e+00,-1.000000000000000000e+00,-1.000000000000000000e+00,0.000000000000000000e+00,-1.000000000000000000e+00
-1.000000000000000000e+00,0.000000000000000000e+00,-1.000000000000000000e+00,2.299999999995634425e+00,-1.000000000000000000e+00
-1.000000000000000000e+00,-1.000000000000000000e+00,-1.000000000000000000e+00,0.000000000000000000e+00,-1.000000000000000000e+00
-1.000000000000000000e+00,-1.000000000000000000e+00,-1.000000000000000000e+00,0.000000000000000000e+00,-1.000000000000000000e+00
-1.000000000000000000e+00,-1.000000000000000000e+00,-1.000000000000000000e+00,0.000000000000000000e+00,-1.000000000000000000e+00
-1.000000000000000000e+00,0.000000000000000000e+00,-1.000000000000000000e+00,-1.000000000000000000e+00,-1.000000000000000000e+00
-1.000000000000000000e+00,0.000000000000000000e+00,-1.000000000000000000e+00,1.299999999995634425e+00,-1.000000000000000000e+00
-1.000000000000000000e+00,0.000000000000000000e+00,-1.000000000000000000e+00,1.399999999994179234e+00,-1.000000000000000000e+00
-1.000000000000000000e+00,-1.000000000000000000e+00,-1.000000000000000000e+00,-1.000000000000000000e+00,0.000000000000000000e+00
-1.000000000000000000e+00,-1.000000000000000000e+00,-1.000000000000000000e+00,-1.000000000000000000e+00,0.000000000000000000e+00
-1.000000000000000000e+00,-1.000000000000000000e+00,-1.000000000000000000e+00,-1.000000000000000000e+00,0.000000000000000000e+00
-1.000000000000000000e+00,-1.000000000000000000e+00,-1.000000000000000000e+00,-1.000000000000000000e+00,0.000000000000000000e+00
-1.000000000000000000e+00,7.600000000005820766e+00,-1.000000000000000000e+00,8.900000000008731149e+00,0.000000000000000000e+00
-1.000000000000000000e+00,0.000000000000000000e+00,-1.000000000000000000e+00,1.900000000008731149e+00,-1.000000000000000000e+00
-1.000000000000000000e+00,0.000000000000000000e+00,-1.000000000000000000e+00,2.499999999992724042e+00,-1.000000000000000000e+00
-1.000000000000000000e+00,0.000000000000000000e+00,1.419999999999708962e+01,3.099999999998544808e+00,-1.000000000000000000e+00
-1.000000000000000000e+00,3.000000000000000000e+00,0.000000000000000000e+00,5.299999999995634425e+00,-1.000000000000000000e+00
-1.000000000000000000e+00,-1.000000000000000000e+00,0.000000000000000000e+00,-1.000000000000000000e+00,-1.000000000000000000e+00
-1.000000000000000000e+00,1.800000000002910383e+00,0.000000000000000000e+00,3.600000000005820766e+00,-1.000000000000000000e+00
-1.000000000000000000e+00,0.000000000000000000e+00,-1.000000000000000000e+00,1.799999999995634425e+00,-1.000000000000000000e+00
-1.000000000000000000e+00,0.000000000000000000e+00,-1.000000000000000000e+00,1.899999999994179234e+00,-1.000000000000000000e+00
-1.000000000000000000e+00,0.000000000000000000e+00,-1.000000000000000000e+00,1.900000000001455192e+00,-1.000000000000000000e+00
0.000000000000000000e+00,1.270000000000436557e+01,-1.000000000000000000e+00,1.440000000000145519e+01,-1.000000000000000000e+00
-1.000000000000000000e+00,1.400000000001455192e+00,0.000000000000000000e+00,2.900000000001455192e+00,-1.000000000000000000e+00
-1.000000000000000000e+00,1.399999999994179234e+00,0.000000000000000000e+00,2.899999999994179234e+00,-1.000000000000000000e+00
-1.000000000000000000e+00,0.000000000000000000e+00,-1.000000000000000000e+00,1.599999999998544808e+00,-1.000000000000000000e+00
0.000000000000000000e+00,-1.000000000000000000e+00,-1.000000000000000000e+00,-1.000000000000000000e+00,-1.000000000000000000e+00
0.000000000000000000e+00,-1.000000000000000000e+00,-1.000000000000000000e+00,-1.000000000000000000e+00,-1.000000000000000000e+00
0.000000000000000000e+00,-1.000000000000000000e+00,-1.000000000000000000e+00,-1.000000000000000000e+00,-1.000000000000000000e+00
0.000000000000000000e+00,-1.000000000000000000e+00,-1.000000000000000000e+00,-1.000000000000000000e+00,-1.000000000000000000e+00
0.000000000000000000e+00,-1.000000000000000000e+00,-1.000000000000000000e+00,-1.000000000000000000e+00,-1.000000000000000000e+00
-1.000000000000000000e+00,-1.000000000000000000e+00,-1.000000000000000000e+00,-1.000000000000000000e+00,0.000000000000000000e+00
-1.000000000000000000e+00,-1.000000000000000000e+00,-1.000000000000000000e+00,0.000000000000000000e+00,-1.000000000000000000e+00
-1.000000000000000000e+00,-1.000000000000000000e+00,-1.000000000000000000e+00,0.000000000000000000e+00,-1.000000000000000000e+00
-1.000000000000000000e+00,1.200000000004365575e+00,0.000000000000000000e+00,3.500000000007275958e+00,-1.000000000000000000e+00
-1.000000000000000000e+00,2.400000000001455192e+00,0.000000000000000000e+00,-1.000000000000000000e+00,-1.000000000000000000e+00
-1.000000000000000000e+00,0.000000000000000000e+00,-1.000000000000000000e+00,1.400000000001455192e+00,-1.000000000000000000e+00
-1.000000000000000000e+00,0.000000000000000000e+00,-1.000000000000000000e+00,1.399999999994179234e+00,-1.000000000000000000e+00
-1.000000000000000000e+00,1.700000000004365575e+00,0.000000000000000000e+00,3.299999999995634425e+00,-1.000000000000000000e+00
-1.000000000000000000e+00,-1.000000000000000000e+00,-1.000000000000000000e+00,0.000000000000000000e+00,-1.000000000000000000e+00
-1.000000000000000000e+00,-1.000000000000000000e+00,-1.000000000000000000e+00,0.000000000000000000e+00,-1.000000000000000000e+00
-1.000000000000000000e+00,-1.000000000000000000e+00,-1.000000000000000000e+00,0.000000000000000000e+00,-1.000000000000000000e+00
-1.000000000000000000e+00,-1.000000000000000000e+00,-1.000000000000000000e+00,0.000000000000000000e+00,-1.000000000000000000e+00
0.000000000000000000e+00,-1.000000000000000000e+00,-1.000000000000000000e+00,-1.000000000000000000e+00,-1.000000000000000000e+00
0.000000000000000000e+00,-1.000000000000000000e+00,-1.000000000000000000e+00,-1.000000000000000000e+00,-1.000000000000000000e+00
0.000000000000000000e+00,-1.000000000000000000e+00,-1.000000000000000000e+00,-1.000000000000000000e+00,-1.000000000000000000e+00
0.000000000000000000e+00,-1.000000000000000000e+00,-1.000000000000000000e+00,-1.000000000000000000e+00,-1.000000000000000000e+00
0.000000000000000000e+00,-1.000000000000000000e+00,-1.000000000000000000e+00,-1.000000000000000000e+00,-1.000000000000000000e+00
-1.000000000000000000e+00,0.000000000000000000e+00,-1.000000000000000000e+00,1.299999999995634425e+00,-1.000000000000000000e+00
-1.000000000000000000e+00,0.000000000000000000e+00,-1.000000000000000000e+00,2.200000000004365575e+00,-1.000000000000000000e+00
-1.000000000000000000e+00,0.000000000000000000e+00,-1.000000000000000000e+00,2.100000000005820766e+00,-1.000000000000000000e+00
-1.000000000000000000e+00,0.000000000000000000e+00,-1.000000000000000000e+00,2.000000000000000000e+00,-1.000000000000000000e+00
-1.000000000000000000e+00,-1.000000000000000000e+00,0.000000000000000000e+00,-1.000000000000000000e+00,-1.000000000000000000e+00
-1.000000000000000000e+00,0.000000000000000000e+00,-1.000000000000000000e+00,1.300000000002910383e+00,-1.000000000000000000e+00
-1.000000000000000000e+00,0.000000000000000000e+00,-1.000000000000000000e+00,1.500000000000000000e+00,-1.000000000000000000e+00
-1.000000000000000000e+00,0.000000000000000000e+00,-1.000000000000000000e+00,1.500000000000000000e+00,-1.000000000000000000e+00
-1.000000000000000000e+00,-1.000000000000000000e+00,-1.000000000000000000e+00,0.000000000000000000e+00,-1.000000000000000000e+00
-1.000000000000000000e+00,-1.000000000000000000e+00,-1.000000000000000000e+00,0.000000000000000000e+00,-1.000000000000000000e+00
-1.000000000000000000e+00,-1.000000000000000000e+00,-1.000000000000000000e+00,0.000000000000000000e+00,-1.000000000000000000e+00
-1.000000000000000000e+00,-1.000000000000000000e+00,-1.000000000000000000e+00,0.000000000000000000e+00,-1.000000000000000000e+00
-1.000000000000000000e+00,-1.000000000000000000e+00,-1.000000000000000000e+00,0.000000000000000000e+00,-1.000000000000000000e+00
-1.000000000000000000e+00,1.200000000004365575e+00,0.000000000000000000e+00,2.500000000007275958e+00,-1.000000000000000000e+00
-1.000000000000000000e+00,2.500000000000000000e+00,0.000000000000000000e+00,4.899999999994179234e+00,-1.000000000000000000e+00
-1.000000000000000000e+00,-1.000000000000000000e+00,0.000000000000000000e+00,-1.000000000000000000e+00,-1.000000000000000000e+00
-1.000000000000000000e+00,1.900000000001455192e+00,0.000000000000000000e+00,3.800000000002910383e+00,-1.000000000000000000e+00
-1.000000000000000000e+00,-1.000000000000000000e+00,-1.000000000000000000e+00,0.000000000000000000e+00,-1.000000000000000000e+00
-1.000000000000000000e+00,-1.000000000000000000e+00,-1.000000000000000000e+00,0.000000000000000000e+00,-1.000000000000000000e+00
-1.000000000000000000e+00,-1.000000000000000000e+00,-1.000000000000000000e+00,0.000000000000000000e+00,-1.000000000000000000e+00
-1.000000000000000000e+00,1.199999999997089617e+00,0.000000000000000000e+00,-1.000000000000000000e+00,-1.000000000000000000e+00
-1.000000000000000000e+00,1.300000000002910383e+00,0.000000000000000000e+00,2.599999999998544808e+00,-1.000000000000000000e+00
-1.000000000000000000e+00,0.000000000000000000e+00,-1.000000000000000000e+00,2.500000000000000000e+00,-1.000000000000000000e+00
-1.000000000000000000e+00,0.000000000000000000e+00,-1.000000000000000000e+00,-1.000000000000000000e+00,-1.000000000000000000e+00
-1.000000000000000000e+00,0.000000000000000000e+00,-1.000000000000000000e+00,1.799999999995634425e+00,-1.000000000000000000e+00
-1.000000000000000000e+00,0.000000000000000000e+00,-1.000000000000000000e+00,2.500000000000000000e+00,-1.000000000000000000e+00
-1.000000000000000000e+00,0.000000000000000000e+00,-1.000000000000000000e+00,1.500000000000000000e+00,-1.000000000000000000e+00
0.000000000000000000e+00,-1.000000000000000000e+00,-1.000000000000000000e+00,-1.000000000000000000e+00,-1.000000000000000000e+00
-1.000000000000000000e+00,-1.000000000000000000e+00,-1.000000000000000000e+00,0.000000000000000000e+00,-1.000000000000000000e+00
-1.000000000000000000e+00,-1.000000000000000000e+00,-1.000000000000000000e+00,0.000000000000000000e+00,-1.000000000000000000e+00
-1.000000000000000000e+00,-1.000000000000000000e+00,-1.000000000000000000e+00,0.000000000000000000e+00,-1.000000000000000000e+00
-1.000000000000000000e+00,-1.000000000000000000e+00,-1.000000000000000000e+00,0.000000000000000000e+00,-1.000000000000000000e+00
-1.000000000000000000e+00,-1.000000000000000000e+00,-1.000000000000000000e+00,0.000000000000000000e+00,-1.000000000000000000e+00
-1.000000000000000000e+00,-1.000000000000000000e+00,-1.000000000000000000e+00,0.000000000000000000e+00,-1.000000000000000000e+00
0.000000000000000000e+00,-1.000000000000000000e+00,-1.000000000000000000e+00,-1.000000000000000000e+00,-1.000000000000000000e+00
0.000000000000000000e+00,-1.000000000000000000e+00,-1.000000000000000000e+00,-1.000000000000000000e+00,-1.000000000000000000e+00
-1.000000000000000000e+00,-1.000000000000000000e+00,-1.000000000000000000e+00,0.000000000000000000e+00,-1.000000000000000000e+00
-1.000000000000000000e+00,-1.000000000000000000e+00,-1.000000000000000000e+00,0.000000000000000000e+00,-1.000000000000000000e+00
-1.000000000000000000e+00,-1.000000000000000000e+00,-1.000000000000000000e+00,0.000000000000000000e+00,1.060000000000582077e+01
-1.000000000000000000e+00,-1.000000000000000000e+00,-1.000000000000000000e+00,-1.000000000000000000e+00,0.000000000000000000e+00
-1.000000000000000000e+00,-1.000000000000000000e+00,-1.000000000000000000e+00,-1.000000000000000000e+00,0.000000000000000000e+00
-1.000000000000000000e+00,1.200000000004365575e+00,0.000000000000000000e+00,2.500000000007275958e+00,-1.000000000000000000e+00
-1.000000000000000000e+00,1.300000000002910383e+00,0.000000000000000000e+00,2.700000000004365575e+00,-1.000000000000000000e+00
-1.000000000000000000e+00,0.000000000000000000e+00,-1.000000000000000000e+00,1.500000000000000000e+00,-1.000000000000000000e+00
7.199999999997089617e+00,0.000000000000000000e+00,-1.000000000000000000e+00,1.699999999997089617e+00,-1.000000000000000000e+00
0.000000000000000000e+00,-1.000000000000000000e+00,-1.000000000000000000e+00,-1.000000000000000000e+00,-1.000000000000000000e+00
0.000000000000000000e+00,-1.000000000000000000e+00,-1.000000000000000000e+00,-1.000000000000000000e+00,-1.000000000000000000e+00
0.000000000000000000e+00,-1.000000000000000000e+00,-1.000000000000000000e+00,-1.000000000000000000e+00,-1.000000000000000000e+00
-1.000000000000000000e+00,1.199999999997089617e+00,0.000000000000000000e+00,2.500000000000000000e+00,-1.000000000000000000e+00
-1.000000000000000000e+00,1.299999999995634425e+00,0.000000000000000000e+00,2.699999999997089617e+00,-1.000000000000000000e+00
-1.000000000000000000e+00,-1.000000000000000000e+00,-1.000000000000000000e+00,0.000000000000000000e+00,-1.000000000000000000e+00
-1.000000000000000000e+00,1.300000000002910383e+00,0.000000000000000000e+00,3.400000000008731149e+00,-1.000000000000000000e+00
-1.000000000000000000e+00,1.700000000004365575e+00,0.000000000000000000e+00,3.900000000001455192e+00,-1.000000000000000000e+00
-1.000000000000000000e+00,1.699999999997089617e+00,0.000000000000000000e+00,3.499999999992724042e+00,-1.000000000000000000e+00
-1.000000000000000000e+00,0.000000000000000000e+00,-1.000000000000000000e+00,1.400000000001455192e+00,-1.000000000000000000e+00
-1.000000000000000000e+00,-1.000000000000000000e+00,-1.000000000000000000e+00,0.000000000000000000e+00,-1.000000000000000000e+00
1.370000000000436557e+01,-1.000000000000000000e+00,-1.000000000000000000e+00,0.000000000000000000e+00,-1.000000000000000000e+00
0.000000000000000000e+00,-1.000000000000000000e+00,-1.000000000000000000e+00,-1.000000000000000000e+00,-1.000000000000000000e+00
0.000000000000000000e+00,-1.000000000000000000e+00,-1.000000000000000000e+00,-1.000000000000000000e+00,-1.000000000000000000e+00
0.000000000000000000e+00,-1.000000000000000000e+00,-1.000000000000000000e+00,-1.000000000000000000e+00,-1.000000000000000000e+00
-1.000000000000000000e+00,1.200000000004365575e+00,0.000000000000000000e+00,2.500000000000000000e+00,-1.000000000000000000e+00
-1.000000000000000000e+00,2.200000000004365575e+00,0.000000000000000000e+00,4.400000000008731149e+00,-1.000000000000000000e+00
-1.000000000000000000e+00,2.000000000000000000e+00,0.000000000000000000e+00,4.000000000007275958e+00,1.620000000000436557e+01
-1.000000000000000000e+00,-1.000000000000000000e+00,-1.000000000000000000e+00,-1.000000000000000000e+00,0.000000000000000000e+00
-1.000000000000000000e+00,-1.000000000000000000e+00,-1.000000000000000000e+00,-1.000000000000000000e+00,0.000000000000000000e+00
-1.000000000000000000e+00,0.000000000000000000e+00,-1.000000000000000000e+00,1.400000000008731149e+00,-1.000000000000000000e+00
-1.000000000000000000e+00,0.000000000000000000e+00,-1.000000000000000000e+00,1.599999999998544808e+00,-1.000000000000000000e+00
-1.000000000000000000e+00,4.200000000004365575e+00,0.000000000000000000e+00,6.700000000004365575e+00,-1.000000000000000000e+00
-1.000000000000000000e+00,-1.000000000000000000e+00,-1.000000000000000000e+00,0.000000000000000000e+00,-1.000000000000000000e+00
-1.000000000000000000e+00,-1.000000000000000000e+00,-1.000000000000000000e+00,0.000000000000000000e+00,-1.000000000000000000e+00
-1.000000000000000000e+00,-1.000000000000000000e+00,-1.000000000000000000e+00,0.000000000000000000e+00,-1.000000000000000000e+00
-1.000000000000000000e+00,-1.000000000000000000e+00,-1.000000000000000000e+00,0.000000000000000000e+00,-1.000000000000000000e+00
-1.000000000000000000e+00,-1.000000000000000000e+00,-1.000000000000000000e+00,0.000000000000000000e+00,-1.000000000000000000e+00
-1.000000000000000000e+00,-1.000000000000000000e+00,-1.000000000000000000e+00,0.000000000000000000e+00,-1.000000000000000000e+00
-1.000000000000000000e+00,1.390000000000145519e+01,-1.000000000000000000e+00,1.520000000000436557e+01,0.000000000000000000e+00
-1.000000000000000000e+00,0.000000000000000000e+00,-1.000000000000000000e+00,-1.000000000000000000e+00,-1.000000000000000000e+00
-1.000000000000000000e+00,0.000000000000000000e+00,-1.000000000000000000e+00,1.699999999997089617e+00,-1.000000000000000000e+00
-1.000000000000000000e+00,0.000000000000000000e+00,-1.000000000000000000e+00,2.099999999998544808e+00,-1.000000000000000000e+00
-1.000000000000000000e+00,0.000000000000000000e+00,-1.000000000000000000e+00,1.399999999994179234e+00,-1.000000000000000000e+00
-1.000000000000000000e+00,0.000000000000000000e+00,-1.000000000000000000e+00,1.300000000002910383e+00,-1.000000000000000000e+00
-1.000000000000000000e+00,0.000000000000000000e+00,-1.000000000000000000e+00,2.400000000001455192e+00,-1.000000000000000000e+00
0.000000000000000000e+00,-1.000000000000000000e+00,-1.000000000000000000e+00,-1.000000000000000000e+00,-1.000000000000000000e+00
-1.000000000000000000e+00,-1.000000000000000000e+00,-1.000000000000000000e+00,0.000000000000000000e+00,-1.000000000000000000e+00
-1.000000000000000000e+00,-1.000000000000000000e+00,-1.000000000000000000e+00,0.000000000000000000e+00,-1.000000000000000000e+00
-1.000000000000000000e+00,0.000000000000000000e+00,-1.000000000000000000e+00,1.300000000002910383e+00,-1.000000000000000000e+00
-1.000000000000000000e+00,0.000000000000000000e+00,-1.000000000000000000e+00,1.899999999994179234e+00,-1.000000000000000000e+00
-1.000000000000000000e+00,0.000000000000000000e+00,-1.000000000000000000e+00,2.500000000000000000e+00,-1.000000000000000000e+00
0.000000000000000000e+00,-1.000000000000000000e+00,-1.000000000000000000e+00,-1.000000000000000000e+00,-1.000000000000000000e+00
0.000000000000000000e+00,-1.000000000000000000e+00,-1.000000000000000000e+00,-1.000000000000000000e+00,-1.000000000000000000e+00
-1.000000000000000000e+00,-1.000000000000000000e+00,-1.000000000000000000e+00,0.000000000000000000e+00,-1.000000000000000000e+00
-1.000000000000000000e+00,-1.000000000000000000e+00,-1.000000000000000000e+00,0.000000000000000000e+00,-1.000000000000000000e+00
-1.000000000000000000e+00,-1.000000000000000000e+00,-1.000000000000000000e+00,0.000000000000000000e+00,-1.000000000000000000e+00
-1.000000000000000000e+00,-1.000000000000000000e+00,-1.000000000000000000e+00,-1.000000000000000000e+00,0.000000000000000000e+00
-1.000000000000000000e+00,-1.000000000000000000e+00,-1.000000000000000000e+00,-1.000000000000000000e+00,0.000000000000000000e+00
-1.000000000000000000e+00,7.900000000001455192e+00,-1.000000000000000000e+00,9.200000000004365575e+00,0.000000000000000000e+00
-1.000000000000000000e+00,1.900000000001455192e+00,0.000000000000000000e+00,3.700000000004365575e+00,-1.000000000000000000e+00
-1.000000000000000000e+00,-1.000000000000000000e+00,-1.000000000000000000e+00,0.000000000000000000e+00,-1.000000000000000000e+00
-1.000000000000000000e+00,-1.000000000000000000e+00,-1.000000000000000000e+00,0.000000000000000000e+00,-1.000000000000000000e+00
-1.000000000000000000e+00,1.890000000000145519e+01,1.770000000000436557e+01,0.000000000000000000e+00,-1.000000000000000000e+00
-1.000000000000000000e+00,2.099999999998544808e+00,0.000000000000000000e+00,4.300000000002910383e+00,-1.000000000000000000e+00
-1.000000000000000000e+00,1.999999999992724042e+00,0.000000000000000000e+00,3.999999999992724042e+00,-1.000000000000000000e+00
-1.000000000000000000e+00,1.900000000001455192e+00,0.000000000000000000e+00,3.900000000001455192e+00,-1.000000000000000000e+00
-1.000000000000000000e+00,-1.000000000000000000e+00,-1.000000000000000000e+00,0.000000000000000000e+00,-1.000000000000000000e+00
-1.000000000000000000e+00,-1.000000000000000000e+00,-1.000000000000000000e+00,0.000000000000000000e+00,-1.000000000000000000e+00
-1.000000000000000000e+00,-1.000000000000000000e+00,-1.000000000000000000e+00,-1.000000000000000000e+00,0.000000000000000000e+00
-1.000000000000000000e+00,-1.000000000000000000e+00,-1.000000000000000000e+00,-1.000000000000000000e+00,0.000000000000000000e+00
-1.000000000000000000e+00,0.000000000000000000e+00,-1.000000000000000000e+00,1.299999999995634425e+00,-1.000000000000000000e+00
-1.000000000000000000e+00,0.000000000000000000e+00,-1.000000000000000000e+00,2.200000000004365575e+00,-1.000000000000000000e+00
-1.000000000000000000e+00,0.000000000000000000e+00,-1.000000000000000000e+00,3.599999999998544808e+00,-1.000000000000000000e+00
-1.000000000000000000e+00,0.000000000000000000e+00,-1.000000000000000000e+00,-1.000000000000000000e+00,-1.000000000000000000e+00
-1.000000000000000000e+00,-1.000000000000000000e+00,-1.000000000000000000e+00,-1.000000000000000000e+00,0.000000000000000000e+00
-1.000000000000000000e+00,-1.000000000000000000e+00,-1.000000000000000000e+00,-1.000000000000000000e+00,0.000000000000000000e+00
-1.000000000000000000e+00,0.000000000000000000e+00,-1.000000000000000000e+00,1.299999999995634425e+00,-1.000000000000000000e+00
-1.000000000000000000e+00,2.700000000004365575e+00,0.000000000000000000e+00,5.100000000005820766e+00,-1.000000000000000000e+00
-1.000000000000000000e+00,-1.000000000000000000e+00,-1.000000000000000000e+00,0.000000000000000000e+00,-1.000000000000000000e+00
-1.000000000000000000e+00,-1.000000000000000000e+00,-1.000000000000000000e+00,-1.000000000000000000e+00,0.000000000000000000e+00
-1.000000000000000000e+00,-1.000000000000000000e+00,-1.000000000000000000e+00,-1.000000000000000000e+00,0.000000000000000000e+00
-1.000000000000000000e+00,-1.000000000000000000e+00,-1.000000000000000000e+00,-1.000000000000000000e+00,0.000000000000000000e+00
