30.0,31.200000000000003,73.1,84.3,85.60000000000001,99.0,129.1,176.7,181.4,204.4,263.8,265.3,273.5,331.6,333.2,333.3,338.29999999999995,405.1,409.8,439.20000000000005,441.8,518.9,532.0,534.1,575.0,611.5,618.3000000000001,619.0,627.0,685.5,710.1,802.0,878.2,880.2,881.6,884.6,897.0,918.2,967.4,997.1,997.9,1059.1000000000001,1080.7,1121.1,1123.5,1129.0,1135.1,1192.6000000000001,1195.3,1201.6,1213.8999999999999,1216.6000000000001,1285.5,1346.8,1390.6000000000001,1394.8,1488.1,1490.3000000000002,1492.9,1494.2,1494.7,1495.8999999999999,1543.9,1571.0000000000002,1573.0000000000002,1576.6,1592.2,1645.8000000000002,1674.1000000000001,1692.6000000000001,1694.0000000000002,1770.7,1880.2,1907.5000000000002,1942.7,1946.0000000000002,1987.1000000000001,1987.6,1993.7,1995.4,2049.9,2052.0,2080.7000000000003,2162.9,2168.1,2309.1,2310.4,2313.2999999999997,2313.5,2325.6,2330.1000000000004,2370.9,2376.2000000000003,2384.7,2470.2999999999997,2531.6,2542.8,2551.2999999999997,2641.1000000000004,2643.8999999999996,2663.0,2704.7000000000003,2754.4,2755.7,2772.5,2775.7,2778.3,2805.6,2809.3,2823.1,2893.2999999999997,2920.7,3016.5,3020.7000000000003,3024.6,3061.1,3082.9,3087.2000000000003,3113.4,3139.5,3158.8,3234.3,3269.6,3272.9,3309.4,3334.7000000000003,3357.2000000000003,3423.5,3426.0,3503.0,3608.5,3640.6,3643.2000000000003,3646.1,3683.7,3685.7999999999997,3688.5000000000005,3693.7999999999997,3723.3,3750.9,3757.0,3758.4,3761.3,3763.3,3763.7,3765.5,3769.9,3776.8,3867.6000000000004,3871.7000000000003,3880.5,3941.2999999999997,3999.5
4014.3,4019.8,4078.5,4083.8,4109.900000000001,4116.900000000001,4195.700000000001,4197.5,4277.5,4279.0,4354.200000000001,4358.7,4419.299999999999,4420.4,4466.7,4468.0,4468.1,4471.7,4486.1,4488.9,4521.900000000001,4577.8,4580.5,4589.2,4663.9,4670.5,4673.7,4677.599999999999,4709.700000000001,4714.3,4716.8,4736.400000000001,4787.5,4808.3,4835.200000000001,4836.2,4836.8,4854.8,4856.2,4922.000000000001,4923.500000000001,4930.000000000001,5005.0,5007.6,5013.0,5093.7,5094.8,5172.1,5249.2,5250.3,5290.500000000001,5291.8,5292.1,5295.1,5296.200000000001,5359.900000000001,5364.1,5364.8,5365.3,5371.0,5433.5,5435.2,5505.5,5509.599999999999,5553.2,5557.1,5614.3,5642.9,5647.8,5671.400000000001,5687.8,5689.900000000001,5725.5,5731.3,5735.1,5736.6,5749.0,5774.200000000001,5793.200000000001,5862.500000000001,5863.700000000001,5864.7,5923.200000000001,5925.000000000001,6016.6,6018.7,6028.9,6042.3,6044.2,6140.400000000001,6143.1,6157.0,6158.599999999999,6158.700000000001,6163.0,6166.400000000001,6242.4,6243.700000000001,6246.5,6282.8,6312.700000000001,6314.7,6432.599999999999,6433.8,6438.000000000001,6464.3,6561.0,6564.1,6570.400000000001,6636.200000000001,6639.9,6661.1,6662.8,6663.3,6664.2,6696.000000000001,6787.3,6788.9,6793.099999999999,6810.3,6813.700000000001,6851.900000000001,6868.9,6894.8,6959.9,6962.1,6963.200000000001,7006.7,7035.099999999999,7038.099999999999,7042.2,7097.2,7125.6,7126.5,7127.7,7127.7,7206.0,7207.5,7237.900000000001,7261.500000000001,7273.700000000001,7275.6,7373.0,7374.599999999999,7377.1,7420.7,7422.2,7422.400000000001,7423.7,7473.2,7479.1,7480.400000000001,7497.900000000001,7572.7,7677.8,7689.900000000001,7695.9,7697.500000000001,7729.7,7830.500000000001,7832.000000000001,7872.7,7875.5,7878.4,7879.0,7903.1,7930.400000000001,7932.1,7932.5,7934.8,7954.6,7956.3
8041.500000000001,8080.099999999999,8083.7,8152.3,8156.4,8246.4,8260.5,8261.9,8264.300000000001,8313.500000000002,8316.5,8319.9,8350.300000000001,8420.0,8438.2,8453.000000000002,8455.199999999999,8519.1,8531.3,8596.199999999999,8736.800000000001,8753.9,8755.800000000001,8815.1,8925.6,8952.8,8988.4,8989.6,8990.400000000001,8991.2,8994.8,9047.3,9050.1,9052.1,9101.0,9104.0,9109.400000000001,9145.0,9166.1,9187.900000000001,9207.6,9210.4,9272.9,9274.5,9274.6,9277.4,9289.6,9317.7,9320.9,9335.9,9338.0,9373.6,9435.7,9490.0,9492.5,9549.300000000001,9553.3,9554.0,9657.1,9660.1,9726.9,9789.4,9807.0,9808.6,9834.5,9933.900000000001,9936.7,9949.8,9980.3,9982.900000000001,9988.900000000001,10093.7,10137.9,10144.0,10189.0,10191.3,10207.3,10245.3,10248.4,10262.5,10291.3,10294.199999999999,10296.4,10300.0,10380.1,10418.2,10419.6,10419.7,10422.4,10465.4,10468.300000000001,10471.1,10567.5,10568.6,10568.800000000001,10571.900000000001,10571.900000000001,10597.5,10637.8,10710.4,10727.199999999999,10729.0,10755.800000000001,10774.1,10777.4,10793.1,10797.1,10873.900000000001,10886.6,10940.6,10957.800000000001,10960.0,10960.3,11006.300000000001,11076.3,11078.900000000001,11082.800000000001,11087.900000000001,11110.300000000001,11141.0,11161.6,11208.300000000001,11209.300000000001,11209.6,11213.1,11216.9,11296.1,11354.1,11358.500000000002,11493.0,11548.5,11589.5,11590.5,11591.1,11592.7,11669.0,11673.2,11727.1,11730.6,11785.300000000001,11787.4,11817.9,11885.900000000001,11959.6,11960.7,11961.300000000001,11964.1,11964.6,11989.0,11990.6
12010.5,12076.3,12110.1,12113.300000000001,12114.4,12201.9,12233.3,12289.699999999999,12290.800000000001,12291.0,12291.7,12293.6,12367.5,12385.2,12411.5,12413.1,12413.400000000001,12415.6,12471.7,12499.3,12544.400000000001,12555.2,12557.9,12611.2,12670.1,12671.6,12671.900000000001,12672.6,12675.4,12676.5,12695.9,12809.6,12811.300000000001,12811.6,12813.7,12815.5,12818.5,12865.8,12962.800000000001,12993.0,12993.7,12996.0,13061.4,13063.500000000002,13110.2,13113.000000000002,13119.4,13121.8,13204.9,13211.8,13244.1,13247.0,13248.800000000001,13250.900000000001,13408.4,13416.7,13420.300000000001,13421.3,13422.7,13434.6,13439.6,13503.7,13562.7,13574.0,13631.9,13650.400000000001,13653.1,13657.8,13713.9,13752.0,13758.3,13760.800000000001,13878.6,13880.7,13882.5,13888.300000000001,13936.2,13937.3,13938.2,13938.800000000001,13953.0,13957.1,13994.6,14043.4,14044.300000000001,14120.2,14120.6,14121.8,14163.300000000001,14220.1,14254.1,14305.000000000002,14306.1,14350.2,14354.3,14357.6,14389.1,14451.199999999999,14523.1,14540.800000000001,14552.900000000001,14579.500000000002,14588.500000000002,14589.400000000001,14597.000000000002,14599.300000000001,14601.1,14653.6,14671.6,14675.9,14747.699999999999,14747.800000000001,14750.2,14751.900000000001,14758.2,14760.000000000002,14803.800000000001,14860.800000000001,14887.6,14947.1,15015.3,15055.4,15056.500000000002,15063.0,15128.1,15141.7,15144.5,15150.300000000001,15151.4,15188.0,15190.300000000001,15270.6,15322.3,15326.1,15412.1,15413.9,15415.1,15419.0,15476.2,15480.7,15538.6,15568.6,15621.8,15627.0,15678.2,15731.4,15733.400000000001,15735.2,15743.5,15744.900000000001,15745.0,15746.7,15746.9,15747.900000000001,15830.100000000002,15886.6,15888.699999999999,15963.3,15965.699999999999,15989.9,15992.4
16009.700000000003,16077.2,16097.300000000001,16103.000000000002,16117.3,16125.0,16154.0,16155.2,16155.4,16157.1,16158.2,16185.300000000001,16187.699999999999,16192.800000000001,16354.6,16380.400000000001,16466.3,16467.9,16468.1,16469.899999999998,16471.0,16490.2,16559.7,16559.8,16561.1,16562.100000000002,16562.5,16615.8,16670.0,16673.2,16760.0,16780.3,16782.2,16809.7,16810.9,16836.2,16870.2,16871.300000000003,16871.9,16874.100000000002,16898.4,16975.100000000002,17008.9,17048.4,17050.1,17050.2,17051.4,17091.4,17097.8,17100.2,17168.8,17169.800000000003,17170.7,17172.0,17199.6,17222.4,17227.1,17231.899999999998,17309.3,17333.7,17357.2,17374.600000000002,17378.600000000002,17433.2,17434.7,17435.600000000002,17437.0,17447.300000000003,17492.800000000003,17495.6,17519.6,17530.7,17541.2,17552.0,17617.1,17623.9,17625.1,17642.2,17715.800000000003,17717.5,17722.899999999998,17742.6,17818.8,17877.7,17975.3,17988.4,17992.399999999998,18031.5,18057.100000000002,18058.7,18059.9,18126.3,18165.300000000003,18168.100000000002,18184.9,18205.0,18224.600000000002,18259.1,18261.8,18266.0,18268.399999999998,18298.899999999998,18301.4,18371.600000000002,18374.300000000003,18379.100000000002,18396.399999999998,18450.7,18471.800000000003,18510.4,18512.2,18564.399999999998,18667.3,18678.699999999997,18702.5,18769.0,18788.2,18821.5,18822.300000000003,18822.600000000002,18825.0,18859.7,18933.800000000003,18962.300000000003,18992.0,18993.0,18993.2,18996.5,19068.7,19099.0,19173.899999999998,19203.5,19269.5,19312.2,19317.7,19322.5,19324.4,19328.7,19404.500000000004,19460.0,19462.199999999997,19531.000000000004,19536.899999999998,19553.5,19604.5,19616.8,19641.2,19643.800000000003,19664.899999999998,19666.1,19666.3,19727.399999999998,19828.600000000002,19830.100000000002,19832.2,19835.0,19869.5,19872.800000000003,19890.2,19934.9,19938.9,19999.4
20006.2,20026.600000000002,20028.2,20117.399999999998,20125.800000000003,20179.899999999998,20213.9,20214.7,20214.8,20228.7,20233.2,20236.5,20250.0,20304.6,20337.9,20367.800000000003,20396.9,20400.4,20404.2,20419.1,20479.000000000004,20491.0,20493.100000000002,20497.1,20580.4,20591.3,20594.7,20597.7,20623.7,20697.300000000003,20704.3,20708.6,20712.199999999997,20790.300000000003,20919.399999999998,20924.7,20981.3,20986.3,20992.800000000003,20995.3,21068.5,21089.5,21092.4,21094.4,21147.899999999998,21231.8,21302.0,21304.2,21312.6,21321.7,21386.2,21399.9,21407.2,21435.9,21486.399999999998,21552.2,21553.800000000003,21562.3,21563.600000000002,21566.100000000002,21605.2,21617.7,21673.0,21752.600000000002,21770.7,21773.0,21777.5,21832.3,21864.3,21888.4,21889.9,21890.0,21891.0,21948.399999999998,21962.4,22050.0,22052.4,22089.7,22093.1,22095.600000000002,22136.000000000004,22164.2,22185.600000000002,22202.2,22245.6,22248.2,22261.7,22265.3,22270.0,22280.100000000002,22317.4,22352.9,22459.2,22466.9,22470.5,22472.4,22513.0,22536.3,22566.100000000002,22567.4,22567.800000000003,22569.4,22609.0,22618.7,22645.2,22646.7,22662.600000000002,22665.8,22668.2,22671.300000000003,22675.2,22735.7,22767.8,22815.8,22816.9,22817.7,22818.4,22819.4,22852.600000000002,22857.2,22944.100000000002,22990.6,23021.5,23099.1,23101.7,23138.5,23139.4,23140.2,23141.0,23270.8,23280.7,23281.8,23298.8,23336.3,23342.8,23345.300000000003,23347.100000000002,23351.5,23364.800000000003,23366.2,23367.2,23368.5,23448.600000000002,23461.2,23464.4,23466.6,23516.0,23517.5,23521.2,23535.2,23551.8,23553.3,23555.8,23557.7,23647.5,23677.7,23703.2,23704.399999999998,23704.600000000002,23707.0,23771.800000000003,23847.2,23898.7,23915.300000000003,23916.500000000004,23916.600000000002,23918.300000000003,23920.2,23995.9
24008.2,24009.3,24009.500000000004,24011.2,24012.0,24014.100000000002,24016.7,24126.800000000003,24128.1,24128.4,24130.7,24243.7,24245.3,24248.9,24249.9,24288.7,24309.7,24323.1,24325.300000000003,24327.7,24329.1,24420.4,24421.8,24422.0,24424.4,24435.2,24483.800000000003,24509.9,24511.600000000002,24511.7,24513.4,24583.899999999998,24588.3,24591.9,24598.000000000004,24632.4,24634.1,24634.800000000003,24638.6,24694.300000000003,24697.300000000003,24714.0,24727.4,24729.2,24736.1,24746.899999999998,24793.100000000002,24794.600000000002,24796.100000000002,24859.8,24922.399999999998,24941.4,24942.600000000002,24942.800000000003,24945.2,25065.4,25066.7,25067.9,25068.3,25120.3,25122.5,25124.7,25202.5,25208.899999999998,25210.2,25212.8,25307.3,25309.1,25310.9,25311.600000000002,25312.4,25348.100000000002,25352.800000000003,25434.9,25436.2,25436.7,25489.2,25491.4,25492.800000000003,25494.4,25502.5,25519.6,25609.4,25611.1,25613.0,25614.399999999998,25614.399999999998,25619.2,25622.0,25698.399999999998,25700.2,25701.399999999998,25702.8,25768.5,25770.0,25770.300000000003,25774.1,25854.2,25856.4,25891.0,25893.399999999998,25893.600000000002,25895.7,25900.6,26001.800000000003,26003.500000000004,26012.399999999998,26014.2,26017.000000000004,26042.0,26052.7,26108.600000000002,26109.7,26110.2,26111.399999999998,26113.7,26201.1,26207.399999999998,26209.2,26210.399999999998,26211.8,26213.5,26309.0,26310.8,26312.3,26374.5,26412.8,26415.2,26419.9,26421.4,26421.5,26426.7,26507.6,26510.8,26512.1,26513.100000000002,26516.3,26619.9,26635.6,26636.8,26637.1,26638.3,26652.0,26714.100000000002,26732.4,26732.4,26733.7,26734.0,26738.7,26834.300000000003,26835.800000000003,26835.9,26837.9,26876.9,26915.100000000002,26916.1,26916.600000000002,26918.5,26919.800000000003,27037.8,27039.9,27040.000000000004,27127.000000000004,27128.9,27129.9,27130.000000000004,27146.2,27156.5,27160.4,27216.5,27218.800000000003,27220.7,27221.9,27227.9,27297.0,27299.300000000003,27300.5,27404.8,27406.2,27406.8,27408.100000000002,27497.8,27499.7,27500.300000000003,27502.4,27505.600000000002,27585.600000000002,27624.6,27627.2,27669.399999999998,27671.300000000003,27673.3,27674.7,27737.0,27739.800000000003,27752.9,27754.7,27756.2,27759.500000000004,27818.7,27819.8,27820.500000000004,27823.3,27864.9,27866.100000000002,27868.899999999998,27876.800000000003,27952.0,27953.600000000002,27954.0,27956.4,27972.5
28026.9,28105.7,28106.6,28107.4,28111.1,28119.0,28206.300000000003,28207.7,28225.6,28339.3,28363.300000000003,28366.5,28415.2,28416.0,28416.1,28417.6,28425.7,28484.3,28559.0,28559.7,28560.4,28560.7,28560.8,28565.3,28570.600000000002,28599.9,28679.4,28693.7,28793.8,28849.300000000003,28850.5,28859.2,28867.399999999998,28869.4,28922.0,28996.100000000002,28997.1,28997.4,29095.5,29123.1,29166.3,29168.000000000004,29205.6,29234.899999999998,29261.600000000002,29266.8,29275.2,29293.100000000002,29295.2,29296.7,29333.899999999998,29425.7,29437.6,29452.2,29453.8,29501.4,29502.5,29503.300000000003,29504.9,29548.8,29551.0,29554.7,29619.5,29631.300000000003,29684.3,29689.4,29690.3,29691.2,29693.2,29698.600000000002,29702.9,29771.1,29789.3,29795.8,29796.8,29863.5,29928.5,29939.2,30002.8,30003.7,30005.2,30005.9,30018.0,30019.7,30069.2,30093.0,30116.300000000003,30144.2,30177.7,30283.6,30284.600000000002,30284.7,30285.1,30287.000000000004,30290.5,30307.3,30319.600000000002,30389.9,30459.2,30461.3,30482.300000000003,30484.6,30487.0,30551.2,30555.5,30601.300000000003,30641.8,30642.8,30643.500000000004,30696.2,30737.3,30738.7,30739.9,30783.0,30786.2,30797.600000000002,30817.4,30837.600000000002,30908.0,30931.3,30940.800000000003,30942.300000000003,30943.800000000003,30944.600000000002,30959.000000000004,30987.2,31029.8,31030.6,31031.2,31032.5,31088.600000000002,31153.3,31190.5,31190.5,31192.1,31215.9,31234.7,31237.100000000002,31292.8,31293.5,31337.600000000002,31420.5,31493.2,31498.1,31547.9,31614.3,31641.3,31681.1,31688.899999999998,31698.4,31699.9,31774.2,31795.0,31796.4,31796.5,31810.0,31811.2,31815.7,31828.2,31884.300000000003,31963.2
32021.2,32024.399999999998,32082.0,32089.600000000002,32120.5,32152.9,32155.0,32157.5,32236.699999999997,32238.5,32258.900000000005,32329.9,32331.499999999996,32332.300000000003,32384.8,32386.700000000004,32389.1,32459.600000000002,32461.800000000003,32477.4,32478.8,32502.4,32511.3,32607.800000000003,32610.199999999997,32632.200000000004,32634.7,32641.400000000005,32642.499999999996,32644.400000000005,32644.5,32649.500000000004,32696.800000000003,32800.9,32803.9,32899.3,33000.4,33001.600000000006,33001.9,33003.3,33032.5,33035.7,33129.3,33131.700000000004,33134.4,33134.5,33135.3,33136.5,33166.200000000004,33168.3,33191.200000000004,33286.700000000004,33290.1,33311.6,33314.5,33341.700000000004,33386.299999999996,33392.4,33422.4,33457.799999999996,33518.4,33522.600000000006,33552.9,33575.299999999996,33578.200000000004,33585.6,33687.8,33690.200000000004,33700.4,33702.600000000006,33771.0,33775.5,33825.4,33839.2,33943.600000000006,33948.6,33982.7,33984.700000000004,34029.200000000004,34039.2,34040.9,34057.3,34118.4,34181.5,34238.2,34239.3,34273.200000000004,34273.200000000004,34274.2,34275.1,34374.4,34374.4,34378.700000000004,34379.00000000001,34383.299999999996,34479.399999999994,34481.700000000004,34489.200000000004,34502.50000000001,34504.1,34505.6,34542.799999999996,34581.5,34583.8,34597.5,34599.1,34600.0,34604.1,34657.200000000004,34661.3,34695.5,34742.3,34746.1,34767.299999999996,34796.2,34900.600000000006,34904.4,34905.700000000004,34907.1,34908.700000000004,34909.2,34916.0,34920.5,34959.6,34961.3,34993.4,35012.9,35030.700000000004,35106.6,35107.7,35108.1,35113.9,35115.700000000004,35233.299999999996,35244.3,35246.0,35248.200000000004,35284.2,35349.1,35357.0,35477.8,35482.1,35485.7,35486.5,35486.8,35489.600000000006,35534.5,35567.4,35568.7,35600.9,35601.399999999994,35602.1,35667.100000000006,35669.5,35722.0,35813.4,35816.299999999996,35888.3,35913.0,35915.0,35915.8,35921.5,35921.600000000006
36005.200000000004,36006.2,36008.6,36014.8,36111.299999999996,36133.299999999996,36163.7,36165.0,36209.4,36255.299999999996,36260.8,36262.799999999996,36263.5,36265.0,36268.4,36356.100000000006,36409.2,36411.4,36499.3,36501.8,36511.9,36514.200000000004,36552.8,36599.200000000004,36601.3,36687.00000000001,36713.6,36718.1,36755.4,36789.0,36793.2,36854.2,36872.8,36876.5,36968.7,36972.2,36974.5,37026.9,37030.0,37038.1,37057.9,37188.3,37189.700000000004,37198.799999999996,37289.4,37291.200000000004,37293.600000000006,37345.4,37348.3,37348.600000000006,37401.0,37403.5,37403.5,37484.100000000006,37498.7,37505.9,37522.4,37523.6,37525.5,37525.9,37537.7,37648.0,37649.799999999996,37687.200000000004,37730.4,37731.5,37802.1,37804.1,37804.700000000004,37806.00000000001,37806.3,37811.6,37889.299999999996,37904.0,37906.5,37917.4,37920.6,37920.799999999996,38038.9,38041.0,38045.2,38133.4,38134.9,38158.6,38163.4,38226.4,38229.0,38237.799999999996,38322.4,38328.4,38329.9,38331.8,38332.2,38445.799999999996,38447.50000000001,38448.799999999996,38452.200000000004,38482.7,38532.6,38539.5,38539.799999999996,38540.4,38635.200000000004,38636.700000000004,38646.3,38650.3,38726.600000000006,38743.50000000001,38746.50000000001,38763.4,38764.299999999996,38869.9,38870.9,38871.3,38873.00000000001,38933.100000000006,38946.1,38950.0,39020.1,39049.7,39051.9,39103.2,39105.1,39107.8,39145.5,39147.7,39148.0,39148.4,39211.3,39213.5,39221.200000000004,39222.700000000004,39223.7,39228.2,39276.299999999996,39327.7,39329.4,39446.7,39449.3,39451.100000000006,39452.9,39454.799999999996,39456.1,39457.0,39465.6,39467.8,39474.8,39553.0,39555.0,39556.5,39647.9,39649.100000000006,39659.0,39695.2,39698.100000000006,39722.700000000004,39760.9,39765.6,39872.6,39875.0,39907.1,39916.5,39919.0,39921.9,39945.9,39948.700000000004
